Score,Overs,Target,Inns,Result,Opposition,Ground,Start Date,Country
250,48.3,,1,won,India,Kolkata,01-03-2013,Pakistan
165,48,251,2,lost,Pakistan,Kolkata,01-03-2013,India
157,48.5,168,2,lost,India,Delhi,01-06-2013,Pakistan
167,43.4,,1,won,Pakistan,Delhi,01-06-2013,India
198,40,306,2,lost,Australia,Melbourne,01-11-2013,SriLanka
305/5,50,,1,won,Sri Lanka,Melbourne,01-11-2013,Australia
316/9,50,326,2,lost,England,Rajkot,01-11-2013,India
325/4,50,,1,won,India,Rajkot,01-11-2013,England
172/2,40.1,171,2,won,Australia,Adelaide,01/13/2013,SriLanka
170,46.5,,1,lost,Sri Lanka,Adelaide,01/13/2013,Australia
285/6,50,,1,won,England,Kochi,01/15/2013,India
158,36,286,2,lost,India,Kochi,01/15/2013,England
75/6,20,75,2,won,Australia,Brisbane,01/18/2013,SriLanka
74,26.4,,1,lost,Sri Lanka,Brisbane,01/18/2013,Australia
157/3,28.1,156,2,won,England,Ranchi,01/19/2013,India
155,42.2,,1,lost,India,Ranchi,01/19/2013,England
208,46.2,,1,lost,New Zealand,Paarl,01/19/2013,SouthAfrica
209/9,45.4,209,2,won,South Africa,Paarl,01/19/2013,Newzealad
252,49.1,280,2,lost,New Zealand,Kimberley,01/22/2013,SouthAfrica
279/8,50,,1,won,South Africa,Kimberley,01/22/2013,Newzealad
215,48.3,248,2,lost,Australia,Hobart,01/23/2013,SriLanka
247/5,50,,1,won,Sri Lanka,Hobart,01/23/2013,Australia
258/5,47.3,258,2,won,England,Mohali,01/23/2013,India
257/7,50,,1,lost,India,Mohali,01/23/2013,England
264/9,50,261,2,won,New Zealand,Potchefstroom,01/25/2013,SouthAfrica
260/9,50,,1,lost,South Africa,Potchefstroom,01/25/2013,Newzealad
226,49.4,,1,lost,England,Dharamsala,01/27/2013,India
227/3,47.2,227,2,won,India,Dharamsala,01/27/2013,England
70,23.5,,1,lost,Australia,Perth,02-01-2013,WestIndies
71/1,9.2,71,2,won,West Indies,Perth,02-01-2013,Australia
212,38.1,267,2,lost,Australia,Perth,02-03-2013,WestIndies
266/7,50,,1,won,West Indies,Perth,02-03-2013,Australia
290,47.3,330,2,lost,Australia,Canberra,02-06-2013,WestIndies
329/7,50,,1,won,West Indies,Canberra,02-06-2013,Australia
220,49.4,,1,lost,Australia,Sydney,02-08-2013,WestIndies
221/5,44.5,221,2,won,West Indies,Sydney,02-08-2013,Australia
257,49.5,275,2,lost,Australia,Melbourne,02-10-2013,WestIndies
274/5,50,,1,won,West Indies,Melbourne,02-10-2013,Australia
259/7,48.5,259,2,won,England,Hamilton,02/17/2013,Newzealad
258,49.3,,1,lost,New Zealand,Hamilton,02/17/2013,England
269,48.5,,1,lost,England,Napier,02/20/2013,Newzealad
270/2,47.4,270,2,won,New Zealand,Napier,02/20/2013,England
337/4,50,,1,won,Zimbabwe,St George's,02/22/2013,WestIndies
185,43.5,,1,lost,England,Auckland,02/23/2013,Newzealad
186/5,37.3,186,2,won,New Zealand,Auckland,02/23/2013,England
274/3,49,274,2,won,Zimbabwe,St George's,02/24/2013,WestIndies
215/5,46.2,212,2,won,Zimbabwe,St George's,02/26/2013,WestIndies
203/3,33.5,200,2,won,Scotland,Sharjah,03-06-2013,Afghanistan
261/5,48.4,260,2,won,Scotland,Sharjah,03-08-2013,Afghanistan
315/4,50,,1,won,Pakistan,Bloemfontein,03-10-2013,SouthAfrica
190,36.2,316,2,lost,South Africa,Bloemfontein,03-10-2013,Pakistan
191,43.2,,1,lost,Pakistan,Centurion,03/15/2013,SouthAfrica
192/4,39.2,192,2,won,South Africa,Centurion,03/15/2013,Pakistan
343/5,50,,1,won,Pakistan,Johannesburg,03/17/2013,SouthAfrica
309,48.1,344,2,lost,South Africa,Johannesburg,03/17/2013,Pakistan
234/9,50,,1,lost,Pakistan,Durban,03/21/2013,SouthAfrica
236/7,48.4,235,2,won,South Africa,Durban,03/21/2013,Pakistan
238/2,35.4,238,2,won,Bangladesh,Hambantota,03/23/2013,SriLanka
259/8,50,,1,lost,Sri Lanka,Hambantota,03/23/2013,Bangladesh
208/4,44,206,2,won,Pakistan,Benoni,03/24/2013,SouthAfrica
205,49.1,,1,lost,South Africa,Benoni,03/24/2013,Pakistan
302/9,50,,1,lost,Bangladesh,Pallekele,03/28/2013,SriLanka
184/7,26,183,2,won,Sri Lanka,Pallekele,03/28/2013,Bangladesh
269/8,50,,1,won,Zimbabwe,Bulawayo,05-03-2013,Bangladesh
252/9,50,,1,lost,Zimbabwe,Bulawayo,05-05-2013,Bangladesh
247/9,50,,1,lost,Zimbabwe,Bulawayo,05-08-2013,Bangladesh
231/7,50,,1,won,Scotland,Edinburgh,05/17/2013,Pakistan
266/5,47,,1,tied,Ireland,Dublin,05/23/2013,Pakistan
230/8,48.4,230,2,won,Ireland,Dublin,05/26/2013,Pakistan
341/3,50,,1,won,Netherlands,Amstelveen,05/31/2013,SouthAfrica
231/5,46.5,228,2,won,England,Lord's,05/31/2013,Newzealad
227/9,50,,1,lost,New Zealand,Lord's,05/31/2013,England
359/3,50,,1,won,England,Southampton,06-02-2013,Newzealad
273,44.1,360,2,lost,New Zealand,Southampton,06-02-2013,England
253,46.3,288,2,lost,England,Nottingham,06-05-2013,Newzealad
287/6,50,,1,won,New Zealand,Nottingham,06-05-2013,England
305,50,332,2,lost,India,Cardiff,06-06-2013,SouthAfrica
331/7,50,,1,won,South Africa,Cardiff,06-06-2013,India
172/8,40.4,171,2,won,Pakistan,The Oval,06-07-2013,WestIndies
170,48,,1,lost,West Indies,The Oval,06-07-2013,Pakistan
269/6,50,,1,won,Australia,Birmingham,06-08-2013,England
221/9,50,270,2,lost,England,Birmingham,06-08-2013,Australia
138,37.5,,1,lost,New Zealand,Cardiff,06-09-2013,SriLanka
139/9,36.3,139,2,won,Sri Lanka,Cardiff,06-09-2013,Newzealad
234/9,50,,1,won,Pakistan,Birmingham,06-10-2013,SouthAfrica
167,45,235,2,lost,South Africa,Birmingham,06-10-2013,Pakistan
233/9,50,,1,lost,India,The Oval,06-11-2013,WestIndies
236/2,39.1,234,2,won,West Indies,The Oval,06-11-2013,India
297/3,47.1,294,2,won,England,The Oval,06/13/2013,SriLanka
293/7,50,,1,lost,Sri Lanka,The Oval,06/13/2013,England
190/6,26.1,191,2,tied,South Africa,Cardiff,06/14/2013,WestIndies
230/6,31,,1,tied,West Indies,Cardiff,06/14/2013,SouthAfrica
165,39.4,,1,lost,India,Birmingham,06/15/2013,Pakistan
102/2,19.1,102,2,won,Pakistan,Birmingham,06/15/2013,India
159/8,24,170,2,lost,England,Cardiff,06/16/2013,Newzealad
169,23.3,,1,won,New Zealand,Cardiff,06/16/2013,England
253/8,50,,1,won,Australia,The Oval,06/17/2013,SriLanka
233,42.3,254,2,lost,Sri Lanka,The Oval,06/17/2013,Australia
175,38.4,,1,lost,England,The Oval,06/19/2013,SouthAfrica
179/3,37.3,176,2,won,South Africa,The Oval,06/19/2013,England
181/8,50,,1,lost,India,Cardiff,06/20/2013,SriLanka
182/2,35,182,2,won,Sri Lanka,Cardiff,06/20/2013,India
129/7,20,,1,won,England,Birmingham,06/23/2013,India
124/8,20,130,2,lost,India,Birmingham,06/23/2013,England
209/4,37.5,209,2,won,Sri Lanka,Kingston,06/28/2013,WestIndies
208,48.3,,1,lost,West Indies,Kingston,06/28/2013,SriLanka
230/9,47.4,230,2,won,India,Kingston,06/30/2013,WestIndies
229/7,50,,1,lost,West Indies,Kingston,06/30/2013,India
348/1,50,,1,won,India,Kingston,07-02-2013,SriLanka
187,44.5,349,2,lost,Sri Lanka,Kingston,07-02-2013,India
171,34,274,2,lost,India,Port of Spain,07-05-2013,WestIndies
311/7,50,,1,won,West Indies,Port of Spain,07-05-2013,India
190/9,41,230,2,lost,Sri Lanka,Port of Spain,07-07-2013,WestIndies
219/8,41,,1,won,West Indies,Port of Spain,07-07-2013,SriLanka
96,24.4,178,2,lost,India,Port of Spain,07-09-2013,SriLanka
119/3,29,,1,won,Sri Lanka,Port of Spain,07-09-2013,India
201,48.5,,1,lost,India,Port of Spain,07-11-2013,SriLanka
203/9,49.4,202,2,won,Sri Lanka,Port of Spain,07-11-2013,India
98,41,225,2,lost,Pakistan,Providence,07/14/2013,WestIndies
224/9,50,,1,won,West Indies,Providence,07/14/2013,Pakistan
232/8,50,,1,won,Pakistan,Providence,07/16/2013,WestIndies
195,47.5,233,2,lost,West Indies,Providence,07/16/2013,Pakistan
229/9,50,230,2,tied,Pakistan,Gros Islet,07/19/2013,WestIndies
229/6,50,,1,tied,West Indies,Gros Islet,07/19/2013,Pakistan
320/5,50,,1,won,South Africa,Colombo (RPS),07/20/2013,SriLanka
140,31.5,321,2,lost,Sri Lanka,Colombo (RPS),07/20/2013,SouthAfrica
261/7,49,,1,lost,Pakistan,Gros Islet,07/21/2013,WestIndies
189/4,30,189,2,won,West Indies,Gros Islet,07/21/2013,Pakistan
223/9,49.2,,1,won,South Africa,Colombo (RPS),07/23/2013,SriLanka
104/5,21,122,2,lost,Sri Lanka,Colombo (RPS),07/23/2013,SouthAfrica
230/4,44.5,229,2,won,Zimbabwe,Harare,07/24/2013,India
242/7,50,,1,lost,Pakistan,Gros Islet,07/24/2013,WestIndies
243/6,49.5,243,2,won,West Indies,Gros Islet,07/24/2013,Pakistan
294/8,50,,1,won,Zimbabwe,Harare,07/26/2013,India
167,43.2,224,2,lost,South Africa,Pallekele,07/26/2013,SriLanka
223/7,50,,1,won,Sri Lanka,Pallekele,07/26/2013,SouthAfrica
187/3,35.3,184,2,won,Zimbabwe,Harare,07/28/2013,India
239/2,44,239,2,won,South Africa,Pallekele,07/28/2013,SriLanka
238,48.4,,1,lost,Sri Lanka,Pallekele,07/28/2013,SouthAfrica
307/4,50,,1,won,South Africa,Colombo (RPS),07/31/2013,SriLanka
179,43.5,308,2,lost,Sri Lanka,Colombo (RPS),07/31/2013,SouthAfrica
145/1,30.5,145,2,won,Zimbabwe,Bulawayo,08-01-2013,India
167/3,34,164,2,won,Zimbabwe,Bulawayo,08-03-2013,India
244/7,50,,1,lost,Zimbabwe,Harare,08/27/2013,Pakistan
299/4,50,,1,won,Zimbabwe,Harare,08/29/2013,Pakistan
260/6,50,,1,won,Zimbabwe,Harare,08/31/2013,Pakistan
274/4,43,270,2,won,Ireland,Dublin (Malahide),09-03-2013,England
362/3,50,,1,won,Scotland,Edinburgh,09-03-2013,Australia
227,44.2,316,2,lost,Australia,Manchester,09-08-2013,England
315/7,50,,1,won,England,Manchester,09-08-2013,Australia
231/7,49.3,228,2,won,Australia,Cardiff,09/14/2013,England
227,48.2,,1,lost,England,Cardiff,09/14/2013,Australia
249,48,299,2,lost,Australia,Southampton,09/16/2013,England
298,49.1,,1,won,England,Southampton,09/16/2013,Australia
95/2,17.5,90,2,won,Kenya,Sharjah,10-02-2013,Afghanistan
96/3,20.5,94,2,won,Kenya,Sharjah,10-04-2013,Afghanistan
232,49.4,305,2,lost,Australia,Pune,10/13/2013,India
304/8,50,,1,won,India,Pune,10/13/2013,Australia
362/1,43.3,360,2,won,Australia,Jaipur,10/16/2013,India
359/5,50,,1,lost,India,Jaipur,10/16/2013,Australia
303/9,50,,1,lost,Australia,Mohali,10/19/2013,India
304/6,49.3,304,2,won,India,Mohali,10/19/2013,Australia
162,29.5,206,2,lost,Bangladesh,Dhaka,10/29/2013,Newzealad
265,49.5,,1,won,New Zealand,Dhaka,10/29/2013,Bangladesh
351/4,49.3,351,2,won,Australia,Nagpur,10/30/2013,India
350/6,50,,1,lost,India,Nagpur,10/30/2013,Australia
183,49.5,,1,won,Pakistan,Sharjah,10/30/2013,SouthAfrica
182,46.3,184,2,lost,South Africa,Sharjah,10/30/2013,Pakistan
207,46.4,248,2,lost,Bangladesh,Dhaka,10/31/2013,Newzealad
247,49,,1,won,New Zealand,Dhaka,10/31/2013,Bangladesh
143,40.4,210,2,lost,Pakistan,Dubai (DSC),11-01-2013,SouthAfrica
209,49.4,,1,won,South Africa,Dubai (DSC),11-01-2013,Pakistan
383/6,50,,1,won,Australia,Bengaluru,11-02-2013,India
326,45.1,384,2,lost,India,Bengaluru,11-02-2013,Australia
307/5,50,,1,lost,Bangladesh,Fatullah,11-03-2013,Newzealad
309/6,49.2,308,2,won,New Zealand,Fatullah,11-03-2013,Bangladesh
259/8,50,,1,won,Pakistan,Abu Dhabi,11-06-2013,SouthAfrica
191,44.3,260,2,lost,South Africa,Abu Dhabi,11-06-2013,Pakistan
266/5,50,,1,won,Pakistan,Abu Dhabi,11-08-2013,SouthAfrica
238,49.2,267,2,lost,South Africa,Abu Dhabi,11-08-2013,Pakistan
268/7,50,,1,won,Pakistan,Sharjah,11-11-2013,SouthAfrica
151,35.3,269,2,lost,South Africa,Sharjah,11-11-2013,Pakistan
138/1,23,,1,lost,New Zealand,Hambantota,11-12-2013,SriLanka
203/6,23,198,2,won,Sri Lanka,Hambantota,11-12-2013,Newzealad
211/8,33,,1,won,New Zealand,Dambulla,11/16/2013,SriLanka
126/6,25,163,2,lost,Sri Lanka,Dambulla,11/16/2013,Newzealad
211,48.5,,1,lost,India,Kochi,11/21/2013,WestIndies
212/4,35.2,212,2,won,West Indies,Kochi,11/21/2013,India
289/8,49.3,289,2,won,India,Visakhapatnam,11/24/2013,WestIndies
288/7,50,,1,lost,West Indies,Visakhapatnam,11/24/2013,India
195,48.1,219,2,lost,Pakistan,Cape Town,11/24/2013,SouthAfrica
218/9,50,,1,won,South Africa,Cape Town,11/24/2013,Pakistan
263/5,50,,1,lost,India,Kanpur,11/27/2013,WestIndies
266/5,46.1,264,2,won,West Indies,Kanpur,11/27/2013,India
261/6,45,263,2,lost,Pakistan,Port Elizabeth,11/27/2013,SouthAfrica
262,45,,1,won,South Africa,Port Elizabeth,11/27/2013,Pakistan
181/6,38.4,180,2,won,Pakistan,Centurion,11/30/2013,SouthAfrica
179,46.5,,1,lost,South Africa,Centurion,11/30/2013,Pakistan
358/4,50,,1,won,India,Johannesburg,12-05-2013,SouthAfrica
217,41,359,2,lost,South Africa,Johannesburg,12-05-2013,India
280/6,49,,1,won,India,Durban,12-08-2013,SouthAfrica
146,35.1,281,2,lost,South Africa,Durban,12-08-2013,India
311,49.4,323,2,lost,Pakistan,Sharjah,12/18/2013,SriLanka
322/5,50,,1,won,Sri Lanka,Sharjah,12/18/2013,Pakistan
287/8,49.4,285,2,won,Pakistan,Dubai (DSC),12/20/2013,SriLanka
284/4,50,,1,lost,Sri Lanka,Dubai (DSC),12/20/2013,Pakistan
213,44.4,327,2,lost,Pakistan,Sharjah,12/22/2013,SriLanka
326/5,50,,1,won,Sri Lanka,Sharjah,12/22/2013,Pakistan
225,48.5,,1,lost,Pakistan,Abu Dhabi,12/25/2013,SriLanka
226/2,41.1,226,2,won,Sri Lanka,Abu Dhabi,12/25/2013,Pakistan
157/8,27.3,157,2,won,New Zealand,Auckland,12/26/2013,WestIndies
156,42.1,,1,lost,West Indies,Auckland,12/26/2013,Newzealad
235/8,49.4,233,2,won,Pakistan,Abu Dhabi,12/27/2013,SriLanka
232,49.3,,1,lost,Sri Lanka,Abu Dhabi,12/27/2013,Pakistan
124/5,21,284,2,lost,New Zealand,Queenstown,01-01-2014,WestIndies
283/4,21,,1,won,West Indies,Queenstown,01-01-2014,Newzealad
134/5,33.4,193,2,lost,New Zealand,Nelson,01-04-2014,WestIndies
285/6,50,,1,won,West Indies,Nelson,01-04-2014,Newzealad
363/4,50,,1,won,New Zealand,Hamilton,01-08-2014,WestIndies
160,29.5,364,2,lost,West Indies,Hamilton,01-08-2014,Newzealad
269/7,50,,1,lost,Australia,Melbourne,01-12-2014,England
270/4,45.4,270,2,won,England,Melbourne,01-12-2014,Australia
300/8,50,,1,lost,Australia,Brisbane,01/17/2014,England
301/9,49.3,301,2,won,England,Brisbane,01/17/2014,Australia
292/7,50,,1,won,India,Napier,01/19/2014,Newzealad
268,48.4,293,2,lost,New Zealand,Napier,01/19/2014,India
243/9,50,,1,lost,Australia,Sydney,01/19/2014,England
244/3,40,244,2,won,England,Sydney,01/19/2014,Australia
271/7,42,,1,won,India,Hamilton,01/22/2014,Newzealad
277/9,41.3,293,2,lost,New Zealand,Hamilton,01/22/2014,India
316/8,50,,1,won,Australia,Perth,01/24/2014,England
259,47.4,317,2,lost,England,Perth,01/24/2014,Australia
314,50,,1,tied,India,Auckland,01/25/2014,Newzealad
314/9,50,315,2,tied,New Zealand,Auckland,01/25/2014,India
212,49.4,218,2,lost,Australia,Adelaide,01/26/2014,England
217/9,50,,1,won,England,Adelaide,01/26/2014,Australia
280/3,48.1,279,2,won,India,Hamilton,01/28/2014,Newzealad
278/5,50,,1,lost,New Zealand,Hamilton,01/28/2014,India
303/5,50,,1,won,India,Wellington,01/31/2014,Newzealad
216,49.4,304,2,lost,New Zealand,Wellington,01/31/2014,India
180,40,,1,won,Bangladesh,Dhaka,02/17/2014,SriLanka
167,39.2,181,2,lost,Sri Lanka,Dhaka,02/17/2014,Bangladesh
289/6,50,,1,won,Bangladesh,Dhaka,02/20/2014,SriLanka
228,43,290,2,lost,Sri Lanka,Dhaka,02/20/2014,Bangladesh
246/4,47.3,241,2,won,Bangladesh,Dhaka,02/22/2014,SriLanka
240/8,50,,1,lost,Sri Lanka,Dhaka,02/22/2014,Bangladesh
205/6,36.4,203,2,won,Ireland,Kingston,02/23/2014,WestIndies
296/6,50,,1,won,Pakistan,Fatullah,02/25/2014,SriLanka
284,48.5,297,2,lost,Sri Lanka,Fatullah,02/25/2014,Pakistan
280/4,49,280,2,won,Bangladesh,Fatullah,02/26/2014,India
279/7,50,,1,lost,India,Fatullah,02/26/2014,Bangladesh
248/8,50,,1,won,Afghanistan,Fatullah,02/27/2014,Pakistan
176,47.2,249,2,lost,Pakistan,Fatullah,02/27/2014,Afghanistan
265/8,49.2,265,2,won,India,Fatullah,02/28/2014,SriLanka
264/9,50,,1,lost,Sri Lanka,Fatullah,02/28/2014,India
269/6,50,,1,won,England,North Sound,02/28/2014,WestIndies
254/6,50,270,2,lost,West Indies,North Sound,02/28/2014,England
222,47.5,255,2,lost,Afghanistan,Fatullah,03-01-2014,Bangladesh
254/6,50,,1,won,Bangladesh,Fatullah,03-01-2014,Afghanistan
249/9,49.4,246,2,won,India,Dhaka,03-02-2014,Pakistan
245/8,50,,1,lost,Pakistan,Dhaka,03-02-2014,India
159,44.2,,1,lost,England,North Sound,03-02-2014,WestIndies
163/7,44.5,160,2,won,West Indies,North Sound,03-02-2014,England
253/6,50,,1,won,Afghanistan,Dhaka,03-03-2014,SriLanka
124,38.4,254,2,lost,Sri Lanka,Dhaka,03-03-2014,Afghanistan
329/7,49.5,327,2,won,Bangladesh,Dhaka,03-04-2014,Pakistan
326/3,50,,1,lost,Pakistan,Dhaka,03-04-2014,Bangladesh
160/2,32.2,160,2,won,Afghanistan,Dhaka,03-05-2014,India
159,45.2,,1,lost,India,Dhaka,03-05-2014,Afghanistan
278,47.4,304,2,lost,England,North Sound,03-05-2014,WestIndies
303/6,50,,1,won,West Indies,North Sound,03-05-2014,England
208/7,49,205,2,won,Bangladesh,Dhaka,03-06-2014,SriLanka
204/9,50,,1,lost,Sri Lanka,Dhaka,03-06-2014,Bangladesh
261/5,46.2,261,2,won,Pakistan,Dhaka,03-08-2014,SriLanka
260/5,50,,1,lost,Sri Lanka,Dhaka,03-08-2014,Pakistan
218/4,43.1,217,2,won,Hong Kong,Kuala Lumpur,05-01-2014,Afghanistan
302/5,50,,1,won,U.A.E.,Kuala Lumpur,05-02-2014,Afghanistan
219/8,50,,1,won,Ireland,Dublin,05-06-2014,SriLanka
167/6,20,,1,won,Scotland,Aberdeen,05-09-2014,England
144,27.5,226,2,lost,England,The Oval,05/22/2014,SriLanka
247/6,39,,1,won,Sri Lanka,The Oval,05/22/2014,England
256/8,50,,1,won,England,Chester-le-Street,05/25/2014,SriLanka
99,26.1,257,2,lost,Sri Lanka,Chester-le-Street,05/25/2014,England
67,24,,1,lost,England,Manchester,05/28/2014,SriLanka
73/0,12.1,68,2,won,Sri Lanka,Manchester,05/28/2014,England
300/9,50,,1,won,England,Lord's,05/31/2014,SriLanka
293/8,50,301,2,lost,Sri Lanka,Lord's,05/31/2014,England
222/4,48.2,220,2,won,England,Birmingham,06-03-2014,SriLanka
219,48.1,,1,lost,Sri Lanka,Birmingham,06-03-2014,England
153/3,24.5,150,2,won,Bangladesh,Dhaka,06/15/2014,India
272/9,50,,1,lost,India,Dhaka,06/15/2014,Bangladesh
105,25.3,,1,won,Bangladesh,Dhaka,06/17/2014,India
58,17.4,106,2,lost,India,Dhaka,06/17/2014,Bangladesh
229,40.3,305,2,lost,South Africa,Colombo (RPS),07-06-2014,SriLanka
304/5,50,,1,won,Sri Lanka,Colombo (RPS),07-06-2014,SouthAfrica
267,49.2,,1,won,South Africa,Pallekele,07-09-2014,SriLanka
180,38.1,268,2,lost,Sri Lanka,Pallekele,07-09-2014,SouthAfrica
257,44.3,340,2,lost,South Africa,Hambantota,07-12-2014,SriLanka
339/5,50,,1,won,Sri Lanka,Hambantota,07-12-2014,SouthAfrica
223/9,50,,1,lost,Zimbabwe,Bulawayo,07/18/2014,Afghanistan
256/7,50,,1,lost,Zimbabwe,Bulawayo,07/20/2014,Afghanistan
264/8,49.4,262,2,won,Zimbabwe,Bulawayo,07/22/2014,Afghanistan
259,49.1,,1,won,Zimbabwe,Bulawayo,07/24/2014,Afghanistan
309/3,50,,1,won,Zimbabwe,Bulawayo,08/17/2014,SouthAfrica
257,49.4,,1,won,Zimbabwe,Bulawayo,08/19/2014,SouthAfrica
219/7,39.4,218,2,won,Bangladesh,St George's,08/20/2014,WestIndies
217/9,50,,1,lost,West Indies,St George's,08/20/2014,Bangladesh
171/3,27.2,166,2,won,Zimbabwe,Bulawayo,08/21/2014,SouthAfrica
247/7,50,,1,won,Bangladesh,St George's,08/22/2014,WestIndies
70,24.4,248,2,lost,West Indies,St George's,08/22/2014,Bangladesh
275/7,45,,1,lost,Pakistan,Hambantota,08/23/2014,SriLanka
277/6,44.5,275,2,won,Sri Lanka,Hambantota,08/23/2014,Pakistan
350/6,50,,1,won,Zimbabwe,Harare,08/25/2014,Australia
338/7,50,,1,won,Bangladesh,Basseterre,08/25/2014,WestIndies
247/8,50,339,2,lost,West Indies,Basseterre,08/25/2014,Bangladesh
310/9,50,,1,won,Pakistan,Hambantota,08/26/2014,SriLanka
233,43.5,311,2,lost,Sri Lanka,Hambantota,08/26/2014,Pakistan
328/3,46.4,328,2,won,Australia,Harare,08/27/2014,SouthAfrica
327/7,50,,1,lost,South Africa,Harare,08/27/2014,Australia
304/6,50,,1,won,England,Cardiff,08/27/2014,India
161,38.1,295,2,lost,India,Cardiff,08/27/2014,England
231,49.5,,1,won,Zimbabwe,Harare,08/29/2014,SouthAfrica
104/3,18.2,101,2,won,Pakistan,Dambulla,08/30/2014,SriLanka
102,32.1,,1,lost,Sri Lanka,Dambulla,08/30/2014,Pakistan
228/4,43,228,2,won,England,Nottingham,08/30/2014,India
227,50,,1,lost,India,Nottingham,08/30/2014,England
209/9,50,,1,lost,Zimbabwe,Harare,08/31/2014,Australia
220,44,283,2,lost,Australia,Harare,09-02-2014,SouthAfrica
282/7,50,,1,won,South Africa,Harare,09-02-2014,Australia
212/1,30.3,207,2,won,England,Birmingham,09-02-2014,India
206,49.3,,1,lost,India,Birmingham,09-02-2014,England
271/6,50,,1,won,Zimbabwe,Harare,09-04-2014,SouthAfrica
253,48.4,295,2,lost,England,Leeds,09-05-2014,India
294/7,50,,1,won,India,Leeds,09-05-2014,England
221/4,40.5,218,2,won,Australia,Harare,09-06-2014,SouthAfrica
217/9,50,,1,lost,South Africa,Harare,09-06-2014,Australia
162,36.3,256,2,lost,Australia,Sharjah,10-07-2014,Pakistan
255/8,50,,1,won,Pakistan,Sharjah,10-07-2014,Australia
321/6,50,,1,won,India,Kochi,10-08-2014,WestIndies
197,41,322,2,lost,West Indies,Kochi,10-08-2014,India
215,49.3,,1,lost,Australia,Dubai (DSC),10-10-2014,Pakistan
217/5,43.2,216,2,won,Pakistan,Dubai (DSC),10-10-2014,Australia
215,46.3,264,2,lost,India,Delhi,10-11-2014,WestIndies
263/7,50,,1,won,West Indies,Delhi,10-11-2014,India
230,50,232,2,lost,Australia,Abu Dhabi,10-12-2014,Pakistan
231/9,50,,1,won,Pakistan,Abu Dhabi,10-12-2014,Australia
271,48.1,331,2,lost,India,Dharamsala,10/17/2014,WestIndies
330/6,50,,1,won,West Indies,Dharamsala,10/17/2014,India
236/4,48.1,231,2,won,New Zealand,Mount Maunganui,10/21/2014,SouthAfrica
230,45.1,,1,lost,South Africa,Mount Maunganui,10/21/2014,Newzealad
282/9,50,,1,won,New Zealand,Mount Maunganui,10/24/2014,SouthAfrica
210,46.3,283,2,lost,South Africa,Mount Maunganui,10/24/2014,Newzealad
194,39.2,364,2,lost,India,Cuttack,11-02-2014,SriLanka
363/5,50,,1,won,Sri Lanka,Cuttack,11-02-2014,India
274/8,50,,1,lost,India,Ahmedabad,11-06-2014,SriLanka
275/4,44.3,275,2,won,Sri Lanka,Ahmedabad,11-06-2014,India
242,48.2,,1,lost,India,Hyderabad (Deccan),11-09-2014,SriLanka
245/4,44.1,243,2,won,Sri Lanka,Hyderabad (Deccan),11-09-2014,India
251,43.1,405,2,lost,India,Kolkata,11/13/2014,SriLanka
404/5,50,,1,won,Sri Lanka,Kolkata,11/13/2014,India
268,48.1,301,2,lost,Australia,Perth,11/14/2014,SouthAfrica
300/8,50,,1,won,South Africa,Perth,11/14/2014,Australia
157/7,27.4,155,2,won,Australia,Perth,11/16/2014,SouthAfrica
154,41.4,,1,lost,South Africa,Perth,11/16/2014,Australia
286/8,50,,1,lost,India,Ranchi,11/16/2014,SriLanka
288/7,48.4,287,2,won,Sri Lanka,Ranchi,11/16/2014,India
256,44.3,330,2,lost,Australia,Canberra,11/19/2014,SouthAfrica
329/5,50,,1,won,South Africa,Canberra,11/19/2014,Australia
267/8,50,,1,lost,Australia,Melbourne,11/21/2014,SouthAfrica
268/7,49,268,2,won,South Africa,Melbourne,11/21/2014,Australia
281/7,50,,1,won,Zimbabwe,Chattogram,11/21/2014,Bangladesh
280/6,50,,1,lost,Australia,Sydney,11/23/2014,SouthAfrica
275/8,47.1,275,2,won,South Africa,Sydney,11/23/2014,Australia
251/7,50,,1,won,Zimbabwe,Chattogram,11/23/2014,Bangladesh
297/6,50,,1,won,Zimbabwe,Dhaka,11/26/2014,Bangladesh
317/6,50,,1,won,England,Colombo (RPS),11/26/2014,SriLanka
292,47.1,318,2,lost,Sri Lanka,Colombo (RPS),11/26/2014,England
256/8,50,,1,won,Zimbabwe,Dhaka,11/28/2014,Bangladesh
248/6,50,,1,lost,U.A.E.,ICCA Dubai,11/28/2014,Afghanistan
186/2,34.2,186,2,won,England,Colombo (RPS),11/29/2014,SriLanka
185,43,,1,lost,Sri Lanka,Colombo (RPS),11/29/2014,England
280/8,50,,1,lost,U.A.E.,ICCA Dubai,11/30/2014,Afghanistan
130/5,24.3,129,2,won,Zimbabwe,Dhaka,12-01-2014,Bangladesh
276/8,49.4,274,2,won,U.A.E.,ICCA Dubai,12-02-2014,Afghanistan
242/8,35,,1,lost,England,Hambantota,12-03-2014,SriLanka
236/5,33.4,236,2,won,Sri Lanka,Hambantota,12-03-2014,England
228,49.3,259,2,lost,U.A.E.,ICCA Dubai,12-04-2014,Afghanistan
267/4,49.4,266,2,won,England,Colombo (RPS),12-07-2014,SriLanka
265,50,,1,lost,Sri Lanka,Colombo (RPS),12-07-2014,England
250/7,49.3,247,2,won,New Zealand,Dubai (DSC),12-08-2014,Pakistan
246/7,50,,1,lost,Pakistan,Dubai (DSC),12-08-2014,Newzealad
239,49,,1,lost,England,Pallekele,12-10-2014,SriLanka
240/5,49.1,240,2,won,Sri Lanka,Pallekele,12-10-2014,England
252,48.3,,1,lost,New Zealand,Sharjah,12-12-2014,Pakistan
255/6,46,253,2,won,Pakistan,Sharjah,12-12-2014,Newzealad
292/7,50,,1,won,England,Pallekele,12/13/2014,SriLanka
202,41.3,293,2,lost,Sri Lanka,Pallekele,12/13/2014,England
364/7,50,,1,won,New Zealand,Sharjah,12/14/2014,Pakistan
217,38.2,365,2,lost,Pakistan,Sharjah,12/14/2014,Newzealad
302/6,50,,1,won,England,Colombo (RPS),12/16/2014,SriLanka
215,45.5,303,2,lost,Sri Lanka,Colombo (RPS),12/16/2014,England
292/8,50,300,2,lost,New Zealand,Abu Dhabi,12/17/2014,Pakistan
299/5,50,,1,won,Pakistan,Abu Dhabi,12/17/2014,Newzealad
207,43.3,276,2,lost,New Zealand,Abu Dhabi,12/19/2014,Pakistan
275/4,50,,1,won,Pakistan,Abu Dhabi,12/19/2014,Newzealad
240/2,38,238,2,won,Scotland,ICCA Dubai,01-08-2015,Afghanistan
180,44.2,,1,lost,Ireland,Dubai (DSC),01-10-2015,Afghanistan
218/9,50,,1,lost,New Zealand,Christchurch,01-11-2015,SriLanka
219/7,43,219,2,won,Sri Lanka,Christchurch,01-11-2015,Newzealad
63,18.3,214,2,lost,Scotland,Abu Dhabi,01/14/2015,Afghanistan
252/4,47.4,249,2,won,New Zealand,Hamilton,01/15/2015,SriLanka
248,50,,1,lost,Sri Lanka,Hamilton,01/15/2015,Newzealad
234,47.5,,1,lost,Australia,Sydney,01/16/2015,England
235/7,39.5,235,2,won,England,Sydney,01/16/2015,Australia
164,28.2,226,2,lost,South Africa,Durban,01/16/2015,WestIndies
279/8,48.2,,1,won,West Indies,Durban,01/16/2015,SouthAfrica
246/8,50,,1,won,Ireland,Dubai (DSC),01/17/2015,Afghanistan
267/8,50,,1,lost,Australia,Melbourne,01/18/2015,India
269/6,49,268,2,won,India,Melbourne,01/18/2015,Australia
291/7,50,440,2,lost,South Africa,Johannesburg,01/18/2015,WestIndies
439/2,50,,1,won,West Indies,Johannesburg,01/18/2015,SouthAfrica
276,49.3,,1,lost,New Zealand,Nelson,01/20/2015,SriLanka
280/6,48.1,277,2,won,Sri Lanka,Nelson,01/20/2015,Newzealad
153,39.3,,1,lost,England,Brisbane,01/20/2015,India
156/1,27.3,154,2,won,India,Brisbane,01/20/2015,England
122,33.4,,1,lost,South Africa,East London,01/21/2015,WestIndies
124/1,24.4,123,2,won,West Indies,East London,01/21/2015,SouthAfrica
252,43.4,361,2,lost,New Zealand,Dunedin,01/23/2015,SriLanka
360/5,50,,1,won,Sri Lanka,Dunedin,01/23/2015,Newzealad
303/8,50,,1,lost,Australia,Hobart,01/23/2015,England
304/7,49.5,304,2,won,England,Hobart,01/23/2015,Australia
195,40.3,316,2,lost,New Zealand,Dunedin,01/25/2015,SriLanka
315/8,50,,1,won,Sri Lanka,Dunedin,01/25/2015,Newzealad
266/9,48.3,263,2,won,South Africa,Port Elizabeth,01/25/2015,WestIndies
262/8,50,,1,lost,West Indies,Port Elizabeth,01/25/2015,SouthAfrica
230,37.4,362,2,lost,South Africa,Centurion,01/28/2015,WestIndies
361/5,42,,1,won,West Indies,Centurion,01/28/2015,SouthAfrica
287/6,50,,1,won,New Zealand,Wellington,01/29/2015,SriLanka
253,45.2,288,2,lost,Sri Lanka,Wellington,01/29/2015,Newzealad
200,48.1,,1,lost,England,Perth,01/30/2015,India
201/7,46.5,201,2,won,India,Perth,01/30/2015,England
210,45.3,,1,lost,New Zealand,Wellington,01/31/2015,Pakistan
213/3,39.3,211,2,won,Pakistan,Wellington,01/31/2015,Newzealad
166,39.1,279,2,lost,Australia,Perth,02-01-2015,England
278/8,50,,1,won,England,Perth,02-01-2015,Australia
250,43.1,370,2,lost,New Zealand,Napier,02-03-2015,Pakistan
369/5,50,,1,won,Pakistan,Napier,02-03-2015,Newzealad
233,46.1,332,2,lost,New Zealand,Christchurch,02/14/2015,SriLanka
331/6,50,,1,won,Sri Lanka,Christchurch,02/14/2015,Newzealad
231,41.5,343,2,lost,Australia,Melbourne,02/14/2015,England
342/9,50,,1,won,England,Melbourne,02/14/2015,Australia
339/4,50,,1,won,Zimbabwe,Hamilton,02/15/2015,SouthAfrica
224,47,301,2,lost,India,Adelaide,02/15/2015,Pakistan
300/7,50,,1,won,Pakistan,Adelaide,02/15/2015,India
304/7,50,,1,lost,Ireland,Nelson,02/16/2015,WestIndies
146/7,24.5,143,2,won,Scotland,Dunedin,02/17/2015,Newzealad
267,50,,1,won,Afghanistan,Canberra,02/18/2015,Bangladesh
162,42.5,268,2,lost,Bangladesh,Canberra,02/18/2015,Afghanistan
125/2,12.2,124,2,won,England,Wellington,02/20/2015,Newzealad
123,33.2,,1,lost,New Zealand,Wellington,02/20/2015,England
310/6,50,,1,won,Pakistan,Christchurch,02/21/2015,WestIndies
160,39,311,2,lost,West Indies,Christchurch,02/21/2015,Pakistan
236/6,48.2,233,2,won,Afghanistan,Dunedin,02/22/2015,SriLanka
232,49.4,,1,lost,Sri Lanka,Dunedin,02/22/2015,Afghanistan
177,40.2,308,2,lost,India,Melbourne,02/22/2015,SouthAfrica
307/7,50,,1,won,South Africa,Melbourne,02/22/2015,India
303/8,50,,1,won,Scotland,Christchurch,02/23/2015,England
372/2,50,,1,won,Zimbabwe,Canberra,02/24/2015,WestIndies
211/9,49.3,211,2,won,Scotland,Dunedin,02/26/2015,Afghanistan
332/1,50,,1,won,Bangladesh,Melbourne,02/26/2015,SriLanka
240,47,333,2,lost,Sri Lanka,Melbourne,02/26/2015,Bangladesh
151,33.1,409,2,lost,South Africa,Sydney,02/27/2015,WestIndies
408/5,50,,1,won,West Indies,Sydney,02/27/2015,SouthAfrica
152/9,23.1,152,2,won,Australia,Auckland,02/28/2015,Newzealad
151,32.2,,1,lost,New Zealand,Auckland,02/28/2015,Australia
104/1,18.5,103,2,won,U.A.E.,Perth,02/28/2015,India
312/1,47.2,310,2,won,England,Wellington,03-01-2015,SriLanka
309/6,50,,1,lost,Sri Lanka,Wellington,03-01-2015,England
235/7,50,,1,won,Zimbabwe,Brisbane,03-01-2015,Pakistan
411/4,50,,1,won,Ireland,Canberra,03-03-2015,SouthAfrica
339/6,50,,1,won,U.A.E.,Napier,03-04-2015,Pakistan
417/6,50,,1,won,Afghanistan,Perth,03-04-2015,Australia
142,37.3,418,2,lost,Australia,Perth,03-04-2015,Afghanistan
322/4,48.1,319,2,won,Scotland,Nelson,03-05-2015,Bangladesh
182,44.2,,1,lost,India,Perth,03-06-2015,WestIndies
185/6,39.1,183,2,won,West Indies,Perth,03-06-2015,India
202,33.3,232,2,lost,Pakistan,Auckland,03-07-2015,SouthAfrica
222,46.4,,1,won,South Africa,Auckland,03-07-2015,Pakistan
188/4,36.1,187,2,won,Afghanistan,Napier,03-08-2015,Newzealad
186,47.4,,1,lost,New Zealand,Napier,03-08-2015,Afghanistan
312,46.2,377,2,lost,Australia,Sydney,03-08-2015,SriLanka
376/9,50,,1,won,Sri Lanka,Sydney,03-08-2015,Australia
260,48.3,276,2,lost,Bangladesh,Adelaide,03-09-2015,England
275/7,50,,1,won,England,Adelaide,03-09-2015,Bangladesh
260/2,36.5,260,2,won,Ireland,Hamilton,03-10-2015,India
363/9,50,,1,won,Scotland,Hobart,03-11-2015,SriLanka
341/6,50,,1,won,U.A.E.,Wellington,03-12-2015,SouthAfrica
290/7,48.5,289,2,won,Bangladesh,Hamilton,03/13/2015,Newzealad
288/7,50,,1,lost,New Zealand,Hamilton,03/13/2015,Bangladesh
101/1,18.1,101,2,won,Afghanistan,Sydney,03/13/2015,England
111/7,36.2,,1,lost,England,Sydney,03/13/2015,Afghanistan
288/4,48.4,288,2,won,Zimbabwe,Auckland,03/14/2015,India
133/3,15.2,131,2,won,Scotland,Hobart,03/14/2015,Australia
176/4,30.3,176,2,won,U.A.E.,Napier,03/15/2015,WestIndies
241/3,46.1,238,2,won,Ireland,Adelaide,03/15/2015,Pakistan
133,37.2,,1,lost,South Africa,Sydney,03/18/2015,SriLanka
134/1,18,134,2,won,Sri Lanka,Sydney,03/18/2015,SouthAfrica
302/6,50,,1,won,Bangladesh,Melbourne,03/19/2015,India
193,45,303,2,lost,India,Melbourne,03/19/2015,Bangladesh
213,49.5,,1,lost,Australia,Adelaide,03/20/2015,Pakistan
216/4,33.5,214,2,won,Pakistan,Adelaide,03/20/2015,Australia
250,30.3,394,2,lost,New Zealand,Wellington,03/21/2015,WestIndies
393/6,50,,1,won,West Indies,Wellington,03/21/2015,Newzealad
281/5,43,,1,lost,New Zealand,Auckland,03/24/2015,SouthAfrica
299/6,42.5,298,2,won,South Africa,Auckland,03/24/2015,Newzealad
233,46.5,329,2,lost,Australia,Sydney,03/26/2015,India
328/7,50,,1,won,India,Sydney,03/26/2015,Australia
183,45,,1,lost,Australia,Melbourne,03/29/2015,Newzealad
186/3,33.1,184,2,won,New Zealand,Melbourne,03/29/2015,Australia
250,45.2,330,2,lost,Bangladesh,Dhaka,04/17/2015,Pakistan
329/6,50,,1,won,Pakistan,Dhaka,04/17/2015,Bangladesh
239/6,50,,1,lost,Bangladesh,Dhaka,04/19/2015,Pakistan
240/3,38.1,240,2,won,Pakistan,Dhaka,04/19/2015,Bangladesh
250,49,,1,lost,Bangladesh,Dhaka,04/22/2015,Pakistan
251/2,39.3,251,2,won,Pakistan,Dhaka,04/22/2015,Bangladesh
375/3,50,,1,won,Zimbabwe,Lahore,05/26/2015,Pakistan
269/4,47.2,269,2,won,Zimbabwe,Lahore,05/29/2015,Pakistan
198,31.1,409,2,lost,England,Birmingham,06-09-2015,Newzealad
408/9,50,,1,won,New Zealand,Birmingham,06-09-2015,England
398/5,50,,1,won,England,The Oval,06-12-2015,Newzealad
365/9,46,379,2,lost,New Zealand,The Oval,06-12-2015,England
306/7,49,303,2,won,England,Southampton,06/14/2015,Newzealad
302,45.2,,1,lost,New Zealand,Southampton,06/14/2015,England
349/7,50,,1,lost,England,Nottingham,06/17/2015,Newzealad
350/3,44,350,2,won,New Zealand,Nottingham,06/17/2015,England
228,46,308,2,lost,Bangladesh,Dhaka,06/18/2015,India
307,49.4,,1,won,India,Dhaka,06/18/2015,Bangladesh
283/9,50,,1,lost,England,Chester-le-Street,06/20/2015,Newzealad
192/7,25,192,2,won,New Zealand,Chester-le-Street,06/20/2015,England
200,45,,1,lost,Bangladesh,Dhaka,06/21/2015,India
200/4,38,200,2,won,India,Dhaka,06/21/2015,Bangladesh
317/6,50,,1,won,Bangladesh,Dhaka,06/24/2015,India
240,47,318,2,lost,India,Dhaka,06/24/2015,Bangladesh
255/6,50,,1,won,Zimbabwe,Harare,07-10-2015,India
164/2,31.1,161,2,won,Bangladesh,Dhaka,07-10-2015,SouthAfrica
160,36.3,,1,lost,South Africa,Dhaka,07-10-2015,Bangladesh
255/8,50,,1,lost,Pakistan,Dambulla,07-11-2015,SriLanka
259/4,45.2,256,2,won,Sri Lanka,Dambulla,07-11-2015,Pakistan
271/8,50,,1,won,Zimbabwe,Harare,07-12-2015,India
162,46,,1,lost,Bangladesh,Dhaka,07-12-2015,SouthAfrica
167/3,27.4,163,2,won,South Africa,Dhaka,07-12-2015,Bangladesh
276/5,50,,1,won,Zimbabwe,Harare,07/14/2015,India
168/9,40,,1,lost,Bangladesh,Chattogram,07/15/2015,SouthAfrica
170/1,26.1,170,2,won,South Africa,Chattogram,07/15/2015,Bangladesh
288/8,48.1,288,2,won,Pakistan,Pallekele,07/15/2015,SriLanka
287/8,50,,1,lost,Sri Lanka,Pallekele,07/15/2015,Pakistan
181,41.1,317,2,lost,Pakistan,Colombo (RPS),07/19/2015,SriLanka
316/4,50,,1,won,Sri Lanka,Colombo (RPS),07/19/2015,Pakistan
256/9,50,,1,lost,Pakistan,Colombo (RPS),07/22/2015,SriLanka
257/3,40.5,257,2,won,Sri Lanka,Colombo (RPS),07/22/2015,Pakistan
368/4,50,,1,won,Pakistan,Hambantota,07/26/2015,SriLanka
203,37.2,369,2,lost,Sri Lanka,Hambantota,07/26/2015,Pakistan
303/4,50,,1,lost,Zimbabwe,Harare,08-02-2015,Newzealad
236/0,42.2,236,2,won,Zimbabwe,Harare,08-04-2015,Newzealad
273/6,50,,1,won,Zimbabwe,Harare,08-07-2015,Newzealad
304/7,50,,1,won,New Zealand,Centurion,08/19/2015,SouthAfrica
284,48.1,305,2,lost,South Africa,Centurion,08/19/2015,Newzealad
204,49.3,,1,lost,New Zealand,Potchefstroom,08/23/2015,SouthAfrica
207/2,44.3,205,2,won,South Africa,Potchefstroom,08/23/2015,Newzealad
283/7,50,,1,won,New Zealand,Durban,08/26/2015,SouthAfrica
221,49.2,284,2,lost,South Africa,Durban,08/26/2015,Newzealad
222/6,40.2,,1,won,Ireland,Belfast,08/27/2015,Australia
246,45.3,306,2,lost,Australia,Southampton,09-03-2015,England
305/6,50,,1,won,England,Southampton,09-03-2015,Australia
245,42.3,310,2,lost,Australia,Lord's,09-05-2015,England
309/7,49,,1,won,England,Lord's,09-05-2015,Australia
300/8,50,,1,won,Australia,Manchester,09-08-2015,England
207,44,301,2,lost,England,Manchester,09-08-2015,Australia
304/7,48.2,300,2,won,Australia,Leeds,09-11-2015,England
299/7,50,,1,lost,England,Leeds,09-11-2015,Australia
138,33,,1,lost,Australia,Manchester,09/13/2015,England
140/2,24.2,139,2,won,England,Manchester,09/13/2015,Australia
259/6,50,,1,won,Zimbabwe,Harare,10-01-2015,Pakistan
256/8,48,262,2,lost,Zimbabwe,Harare,10-03-2015,Pakistan
162/3,34,162,2,won,Zimbabwe,Harare,10-05-2015,Pakistan
303/5,50,,1,won,India,Kanpur,10-11-2015,SouthAfrica
298/7,50,304,2,lost,South Africa,Kanpur,10-11-2015,India
225,43.4,248,2,lost,India,Indore,10/14/2015,SouthAfrica
247/9,50,,1,won,South Africa,Indore,10/14/2015,India
122,34.1,,1,lost,Zimbabwe,Bulawayo,10/16/2015,Afghanistan
271/6,50,,1,won,Zimbabwe,Bulawayo,10/18/2015,Afghanistan
270/7,50,,1,won,India,Rajkot,10/18/2015,SouthAfrica
252/6,50,271,2,lost,South Africa,Rajkot,10/18/2015,India
223/8,50,,1,lost,Zimbabwe,Bulawayo,10/20/2015,Afghanistan
185/7,46.4,185,2,won,Zimbabwe,Bulawayo,10/22/2015,Afghanistan
264/9,50,300,2,lost,India,Chennai,10/22/2015,SouthAfrica
299/8,50,,1,won,South Africa,Chennai,10/22/2015,India
245/9,50,,1,won,Zimbabwe,Bulawayo,10/24/2015,Afghanistan
438/4,50,,1,won,India,Mumbai,10/25/2015,SouthAfrica
224,36,439,2,lost,South Africa,Mumbai,10/25/2015,India
159/8,26,,1,lost,Sri Lanka,Colombo (RPS),11-01-2015,WestIndies
164/9,24.5,163,2,won,West Indies,Colombo (RPS),11-01-2015,SriLanka
214,37.4,,1,lost,Sri Lanka,Colombo (RPS),11-04-2015,WestIndies
225/2,36.3,225,2,won,West Indies,Colombo (RPS),11-04-2015,SriLanka
273/9,50,,1,won,Zimbabwe,Dhaka,11-07-2015,Bangladesh
206/9,36,,1,lost,Sri Lanka,Pallekele,11-07-2015,WestIndies
180/5,32.3,162,2,won,West Indies,Pallekele,11-07-2015,SriLanka
241/9,50,,1,won,Zimbabwe,Dhaka,11-09-2015,Bangladesh
276/9,50,,1,won,Zimbabwe,Dhaka,11-11-2015,Bangladesh
217/4,43.4,217,2,won,England,Abu Dhabi,11-11-2015,Pakistan
216,49.4,,1,lost,Pakistan,Abu Dhabi,11-11-2015,England
188,45.5,284,2,lost,England,Abu Dhabi,11/13/2015,Pakistan
283/5,50,,1,won,Pakistan,Abu Dhabi,11/13/2015,England
208,49.5,,1,lost,England,Sharjah,11/17/2015,Pakistan
210/4,41,209,2,won,Pakistan,Sharjah,11/17/2015,England
271,40.4,356,2,lost,England,Dubai (DSC),11/20/2015,Pakistan
355/5,50,,1,won,Pakistan,Dubai (DSC),11/20/2015,England
131,38.5,,1,won,Zimbabwe,Sharjah,12/25/2015,Afghanistan
188,47,,1,lost,New Zealand,Christchurch,12/26/2015,SriLanka
191/3,21,189,2,won,Sri Lanka,Christchurch,12/26/2015,Newzealad
117,27.4,,1,lost,New Zealand,Christchurch,12/28/2015,SriLanka
118/0,8.2,118,2,won,Sri Lanka,Christchurch,12/28/2015,Newzealad
254/6,47.4,254,2,won,Zimbabwe,Sharjah,12/29/2015,Afghanistan
277/2,46.2,277,2,won,New Zealand,Nelson,12/31/2015,SriLanka
276/8,50,,1,lost,Sri Lanka,Nelson,12/31/2015,Newzealad
58,16.1,176,2,lost,Zimbabwe,Sharjah,01-02-2016,Afghanistan
161,45,227,2,lost,Zimbabwe,Sharjah,01-04-2016,Afghanistan
258,47.1,295,2,lost,New Zealand,Mount Maunganui,01-05-2016,SriLanka
294/5,50,,1,won,Sri Lanka,Mount Maunganui,01-05-2016,Newzealad
254/8,49.4,249,2,won,Zimbabwe,Sharjah,01-06-2016,Afghanistan
309/3,50,,1,lost,Australia,Perth,01-12-2016,India
310/5,49.2,310,2,won,India,Perth,01-12-2016,Australia
308/8,50,,1,lost,Australia,Brisbane,01/15/2016,India
309/3,49,309,2,won,India,Brisbane,01/15/2016,Australia
295/6,50,,1,lost,Australia,Melbourne,01/17/2016,India
296/7,48.5,296,2,won,India,Melbourne,01/17/2016,Australia
323,49.2,349,2,lost,Australia,Canberra,01/20/2016,India
348/8,50,,1,won,India,Canberra,01/20/2016,Australia
331/4,49.4,331,2,won,Australia,Sydney,01/23/2016,India
330/7,50,,1,lost,India,Sydney,01/23/2016,Australia
210,46,281,2,lost,New Zealand,Wellington,01/25/2016,Pakistan
280/8,50,,1,won,Pakistan,Wellington,01/25/2016,Newzealad
290,47.3,,1,lost,New Zealand,Auckland,01/31/2016,Pakistan
265/7,42.4,263,2,won,Pakistan,Auckland,01/31/2016,Newzealad
307/8,50,,1,won,Australia,Auckland,02-03-2016,Newzealad
148,24.2,308,2,lost,New Zealand,Auckland,02-03-2016,Australia
250/5,33.3,290,2,lost,England,Bloemfontein,02-03-2016,SouthAfrica
399/9,50,,1,won,South Africa,Bloemfontein,02-03-2016,England
281/9,50,,1,lost,Australia,Wellington,02-06-2016,Newzealad
283/6,46.3,282,2,won,New Zealand,Wellington,02-06-2016,Australia
262/7,50,,1,lost,England,Port Elizabeth,02-06-2016,SouthAfrica
263/5,46.2,263,2,won,South Africa,Port Elizabeth,02-06-2016,England
246,45.3,,1,won,Australia,Hamilton,02-08-2016,Newzealad
191,43.4,247,2,lost,New Zealand,Hamilton,02-08-2016,Australia
319/3,46.2,319,2,won,England,Centurion,02-09-2016,SouthAfrica
318/8,50,,1,lost,South Africa,Centurion,02-09-2016,England
266/9,47.2,263,2,won,England,Johannesburg,02-12-2016,SouthAfrica
262,47.5,,1,lost,South Africa,Johannesburg,02-12-2016,England
237/5,44,237,2,won,England,Cape Town,02/14/2016,SouthAfrica
236,45,,1,lost,South Africa,Cape Town,02/14/2016,England
191/6,48.1,189,2,won,South Africa,Providence,06-03-2016,WestIndies
188,46.5,,1,lost,West Indies,Providence,06-03-2016,SouthAfrica
116,32.3,,1,lost,Australia,Providence,06-05-2016,WestIndies
117/4,25.4,117,2,won,West Indies,Providence,06-05-2016,Australia
189/9,50,,1,won,Australia,Providence,06-07-2016,SouthAfrica
142,34.2,190,2,lost,South Africa,Providence,06-07-2016,Australia
173/1,42.3,169,2,won,Zimbabwe,Harare,06-11-2016,India
252,47.4,289,2,lost,Australia,Basseterre,06-11-2016,SouthAfrica
288/6,50,,1,won,South Africa,Basseterre,06-11-2016,Australia
129/2,26.5,127,2,won,Zimbabwe,Harare,06/13/2016,India
266/6,45.4,266,2,won,Australia,Basseterre,06/13/2016,WestIndies
265/7,50,,1,lost,West Indies,Basseterre,06/13/2016,Australia
126/0,21.5,124,2,won,Zimbabwe,Harare,06/15/2016,India
204,38,344,2,lost,South Africa,Basseterre,06/15/2016,WestIndies
343/4,50,,1,won,West Indies,Basseterre,06/15/2016,SouthAfrica
303/7,50,,1,won,Ireland,Dublin (Malahide),06/16/2016,SriLanka
377/8,50,,1,won,Ireland,Dublin (Malahide),06/18/2016,SriLanka
286/9,50,,1,tied,England,Nottingham,06/21/2016,SriLanka
286/8,50,287,2,tied,Sri Lanka,Nottingham,06/21/2016,England
282/8,50,,1,lost,Australia,Bridgetown,06/21/2016,WestIndies
283/4,48.4,283,2,won,West Indies,Bridgetown,06/21/2016,Australia
254/7,50,,1,lost,England,Birmingham,06/24/2016,SriLanka
256/0,34.1,255,2,won,Sri Lanka,Birmingham,06/24/2016,England
285,49.5,,1,won,South Africa,Bridgetown,06/24/2016,WestIndies
185,46,286,2,lost,West Indies,Bridgetown,06/24/2016,SouthAfrica
212,45.4,271,2,lost,Australia,Bridgetown,06/26/2016,WestIndies
270/9,50,,1,won,West Indies,Bridgetown,06/26/2016,Australia
305/5,42,,1,lost,England,The Oval,06/29/2016,SriLanka
309/4,40.1,308,2,won,Sri Lanka,The Oval,06/29/2016,England
202,42.4,325,2,lost,England,Cardiff,07-02-2016,SriLanka
324/7,50,,1,won,Sri Lanka,Cardiff,07-02-2016,England
178/6,37.2,,1,won,Scotland,Edinburgh,07-06-2016,Afghanistan
250,49.2,,1,won,Ireland,Belfast,07-12-2016,Afghanistan
236,49.1,,1,lost,Ireland,Belfast,07/14/2016,Afghanistan
229/7,50,,1,won,Ireland,Belfast,07/17/2016,Afghanistan
253/9,50,266,2,lost,Ireland,Belfast,07/19/2016,Afghanistan
337/6,47,,1,won,Ireland,Dublin (Malahide),08/18/2016,Pakistan
227/8,50,,1,lost,Australia,Colombo (RPS),08/21/2016,SriLanka
228/7,46.5,228,2,won,Sri Lanka,Colombo (RPS),08/21/2016,Australia
288,48.5,,1,won,Australia,Colombo (RPS),08/24/2016,SriLanka
206,47.2,289,2,lost,Sri Lanka,Colombo (RPS),08/24/2016,Australia
260/6,50,,1,lost,England,Southampton,08/24/2016,Pakistan
194/3,34.3,151,2,won,Pakistan,Southampton,08/24/2016,England
251,49.5,,1,lost,England,Lord's,08/27/2016,Pakistan
255/6,47.3,252,2,won,Pakistan,Lord's,08/27/2016,England
226,49.2,,1,lost,Australia,Dambulla,08/28/2016,SriLanka
227/8,46,227,2,won,Sri Lanka,Dambulla,08/28/2016,Australia
275,42.4,445,2,lost,England,Nottingham,08/30/2016,Pakistan
444/3,50,,1,won,Pakistan,Nottingham,08/30/2016,England
212,50,,1,lost,Australia,Dambulla,08/31/2016,SriLanka
217/4,31,213,2,won,Sri Lanka,Dambulla,08/31/2016,Australia
247/8,50,,1,lost,England,Leeds,09-01-2016,Pakistan
252/6,48,248,2,won,Pakistan,Leeds,09-01-2016,England
195,40.2,,1,lost,Australia,Pallekele,09-04-2016,SriLanka
199/5,43,196,2,won,Sri Lanka,Pallekele,09-04-2016,Australia
304/6,48.2,303,2,won,England,Cardiff,09-04-2016,Pakistan
302/9,50,,1,lost,Pakistan,Cardiff,09-04-2016,England
354/5,50,,1,won,Ireland,Benoni,09/25/2016,SouthAfrica
265,50,,1,won,Afghanistan,Dhaka,09/25/2016,Bangladesh
258,50,266,2,lost,Bangladesh,Dhaka,09/25/2016,Afghanistan
199/1,30.1,199,2,won,Ireland,Benoni,09/27/2016,Australia
208,49.2,,1,lost,Afghanistan,Dhaka,09/28/2016,Bangladesh
212/8,49.4,209,2,won,Bangladesh,Dhaka,09/28/2016,Afghanistan
175,38.4,287,2,lost,Pakistan,Sharjah,09/30/2016,WestIndies
284/9,49,,1,won,West Indies,Sharjah,09/30/2016,Pakistan
295/4,36.2,295,2,won,Australia,Centurion,09/30/2016,SouthAfrica
294/9,50,,1,lost,South Africa,Centurion,09/30/2016,Australia
279/8,50,,1,won,Afghanistan,Dhaka,10-01-2016,Bangladesh
138,33.5,280,2,lost,Bangladesh,Dhaka,10-01-2016,Afghanistan
361/6,50,,1,won,Australia,Johannesburg,10-02-2016,SouthAfrica
219,37.4,362,2,lost,South Africa,Johannesburg,10-02-2016,Australia
278/7,50,338,2,lost,Pakistan,Sharjah,10-02-2016,WestIndies
337/5,50,,1,won,West Indies,Sharjah,10-02-2016,Pakistan
172,44,309,2,lost,Pakistan,Abu Dhabi,10-05-2016,WestIndies
308/6,50,,1,won,West Indies,Abu Dhabi,10-05-2016,Pakistan
372/6,49.2,372,2,won,Australia,Durban,10-05-2016,SouthAfrica
371/6,50,,1,lost,South Africa,Durban,10-05-2016,Australia
309/8,50,,1,won,Bangladesh,Dhaka,10-07-2016,England
288,47.5,310,2,lost,England,Dhaka,10-07-2016,Bangladesh
168/4,35.3,168,2,won,Australia,Port Elizabeth,10-09-2016,SouthAfrica
167,36.4,,1,lost,South Africa,Port Elizabeth,10-09-2016,Australia
204,44.4,239,2,lost,Bangladesh,Dhaka,10-09-2016,England
238/8,50,,1,won,England,Dhaka,10-09-2016,Bangladesh
278/6,47.5,278,2,won,Bangladesh,Chattogram,10-12-2016,England
277/6,50,,1,lost,England,Chattogram,10-12-2016,Bangladesh
327/8,50,,1,won,Australia,Cape Town,10-12-2016,SouthAfrica
296,48.2,328,2,lost,South Africa,Cape Town,10-12-2016,Australia
190,43.5,,1,lost,India,Dharamsala,10/16/2016,Newzealad
194/4,33.1,191,2,won,New Zealand,Dharamsala,10/16/2016,India
242/9,50,,1,won,India,Delhi,10/20/2016,Newzealad
236,49.3,243,2,lost,New Zealand,Delhi,10/20/2016,India
285,49.4,,1,lost,India,Mohali,10/23/2016,Newzealad
289/3,48.2,286,2,won,New Zealand,Mohali,10/23/2016,India
260/7,50,,1,won,India,Ranchi,10/26/2016,Newzealad
241,48.4,261,2,lost,New Zealand,Ranchi,10/26/2016,India
79,23.1,270,2,lost,India,Visakhapatnam,10/29/2016,Newzealad
269/6,50,,1,won,New Zealand,Visakhapatnam,10/29/2016,India
155/2,24.3,155,2,won,Zimbabwe,Harare,11/14/2016,SriLanka
227,49.2,,1,won,Sri Lanka,Harare,11/16/2016,WestIndies
165,43.1,228,2,lost,West Indies,Harare,11/16/2016,SriLanka
257/8,50,258,2,tied,Zimbabwe,Bulawayo,11/19/2016,WestIndies
329/9,50,331,2,lost,Sri Lanka,Bulawayo,11/23/2016,WestIndies
330/7,50,,1,won,West Indies,Bulawayo,11/23/2016,SriLanka
124/5,27.3,130,2,lost,Zimbabwe,Bulawayo,11/25/2016,WestIndies
166/4,37.3,161,2,won,Zimbabwe,Bulawayo,11/27/2016,SriLanka
256,44.2,325,2,lost,Australia,Sydney,12-04-2016,Newzealad
324/8,50,,1,won,New Zealand,Sydney,12-04-2016,Australia
262,47.2,379,2,lost,Australia,Canberra,12-06-2016,Newzealad
378/5,50,,1,won,New Zealand,Canberra,12-06-2016,Australia
147,36.1,265,2,lost,Australia,Melbourne,12-09-2016,Newzealad
264/8,50,,1,won,New Zealand,Melbourne,12-09-2016,Australia
341/7,50,,1,won,Bangladesh,Christchurch,12/26/2016,Newzealad
264,44.5,342,2,lost,New Zealand,Christchurch,12/26/2016,Bangladesh
251,50,,1,won,Bangladesh,Nelson,12/29/2016,Newzealad
184,42.4,252,2,lost,New Zealand,Nelson,12/29/2016,Bangladesh
239/2,41.2,237,2,won,Bangladesh,Nelson,12/31/2016,Newzealad
236/9,50,,1,lost,New Zealand,Nelson,12/31/2016,Bangladesh
176,42.4,269,2,lost,Australia,Brisbane,01/13/2017,Pakistan
268/9,50,,1,won,Pakistan,Brisbane,01/13/2017,Australia
221/4,47.4,221,2,won,Australia,Melbourne,01/15/2017,Pakistan
220,48.2,,1,lost,Pakistan,Melbourne,01/15/2017,Australia
356/7,48.1,351,2,won,England,Pune,01/15/2017,India
350/7,50,,1,lost,India,Pune,01/15/2017,England
263/7,50,,1,lost,Australia,Perth,01/19/2017,Pakistan
265/3,45,264,2,won,Pakistan,Perth,01/19/2017,Australia
381/6,50,,1,won,England,Cuttack,01/19/2017,India
366/8,50,382,2,lost,India,Cuttack,01/19/2017,England
267,43.5,354,2,lost,Australia,Sydney,01/22/2017,Pakistan
353/6,50,,1,won,Pakistan,Sydney,01/22/2017,Australia
316/9,50,322,2,lost,England,Kolkata,01/22/2017,India
321/8,50,,1,won,India,Kolkata,01/22/2017,England
312,49.1,370,2,lost,Australia,Adelaide,01/26/2017,Pakistan
369/7,50,,1,won,Pakistan,Adelaide,01/26/2017,Australia
181,48.3,,1,lost,South Africa,Port Elizabeth,01/28/2017,SriLanka
185/2,34.2,182,2,won,Sri Lanka,Port Elizabeth,01/28/2017,SouthAfrica
286/9,50,,1,won,Australia,Auckland,01/30/2017,Newzealad
280,47,287,2,lost,New Zealand,Auckland,01/30/2017,Australia
186,37.5,308,2,lost,South Africa,Durban,02-01-2017,SriLanka
307/6,50,,1,won,Sri Lanka,Durban,02-01-2017,SouthAfrica
163,39.2,,1,lost,South Africa,Johannesburg,02-04-2017,SriLanka
164/3,32,164,2,won,Sri Lanka,Johannesburg,02-04-2017,SouthAfrica
281/9,50,,1,won,Australia,Hamilton,02-05-2017,Newzealad
257,47,282,2,lost,New Zealand,Hamilton,02-05-2017,Australia
327,48.1,368,2,lost,South Africa,Cape Town,02-07-2017,SriLanka
367/5,50,,1,won,Sri Lanka,Cape Town,02-07-2017,SouthAfrica
296/8,50,385,2,lost,South Africa,Centurion,02-10-2017,SriLanka
384/6,50,,1,won,Sri Lanka,Centurion,02-10-2017,SouthAfrica
215,49.2,,1,won,Zimbabwe,Harare,02/16/2017,Afghanistan
210/6,33.5,208,2,won,New Zealand,Hamilton,02/19/2017,SouthAfrica
207/7,34,,1,lost,South Africa,Hamilton,02/19/2017,Newzealad
238/9,50,,1,won,Zimbabwe,Harare,02/19/2017,Afghanistan
126,29.3,130,2,lost,Zimbabwe,Harare,02/21/2017,Afghanistan
283/9,50,290,2,lost,New Zealand,Christchurch,02/22/2017,SouthAfrica
289/4,50,,1,won,South Africa,Christchurch,02/22/2017,Newzealad
111,38.5,,1,lost,Zimbabwe,Harare,02/24/2017,Afghanistan
271/8,50,,1,won,New Zealand,Wellington,02/25/2017,SouthAfrica
112,32.2,272,2,lost,South Africa,Wellington,02/25/2017,Newzealad
253/9,50,,1,won,Zimbabwe,Harare,02/26/2017,Afghanistan
279/8,50,,1,lost,New Zealand,Hamilton,03-01-2017,SouthAfrica
280/3,45,280,2,won,South Africa,Hamilton,03-01-2017,Newzealad
251,47.2,297,2,lost,England,North Sound,03-03-2017,WestIndies
296/6,50,,1,won,West Indies,North Sound,03-03-2017,England
150/4,32.2,150,2,won,New Zealand,Auckland,03-04-2017,SouthAfrica
149,41.1,,1,lost,South Africa,Auckland,03-04-2017,Newzealad
225,47.5,,1,lost,England,North Sound,03-05-2017,WestIndies
226/6,48.2,226,2,won,West Indies,North Sound,03-05-2017,England
142,39.2,329,2,lost,England,Bridgetown,03-09-2017,WestIndies
328,50,,1,won,West Indies,Bridgetown,03-09-2017,England
292/7,50,,1,won,Ireland,Greater Noida,03/15/2017,Afghanistan
338,50,,1,won,Ireland,Greater Noida,03/17/2017,Afghanistan
264/8,50,,1,lost,Ireland,Greater Noida,03/19/2017,Afghanistan
220,49.5,,1,lost,Ireland,Greater Noida,03/22/2017,Afghanistan
231/3,48.4,230,2,won,Ireland,Greater Noida,03/24/2017,Afghanistan
234,45.1,325,2,lost,Bangladesh,Dambulla,03/25/2017,SriLanka
324/5,50,,1,won,Sri Lanka,Dambulla,03/25/2017,Bangladesh
280/9,50,,1,won,Bangladesh,Colombo (SSC),04-01-2017,SriLanka
210,44.3,281,2,lost,Sri Lanka,Colombo (SSC),04-01-2017,Bangladesh
309/6,49,309,2,won,Pakistan,Providence,04-07-2017,WestIndies
308/5,50,,1,lost,West Indies,Providence,04-07-2017,Pakistan
208,44.5,283,2,lost,Pakistan,Providence,04-09-2017,WestIndies
282/5,50,,1,won,West Indies,Providence,04-09-2017,Pakistan
233/9,50,,1,lost,Pakistan,Providence,04-11-2017,WestIndies
236/4,43.1,234,2,won,West Indies,Providence,04-11-2017,Pakistan
127/3,20,127,2,won,Ireland,Bristol,05-05-2017,England
328/6,50,,1,won,Ireland,Lord's,05-07-2017,England
289/7,50,,1,won,Ireland,Dublin (Malahide),05/14/2017,Newzealad
258/6,47.3,258,2,won,Bangladesh,Dublin,05/17/2017,Newzealad
257/9,50,,1,lost,New Zealand,Dublin,05/17/2017,Bangladesh
182/2,27.1,182,2,won,Ireland,Dublin (Malahide),05/19/2017,Bangladesh
344/6,50,,1,won,Ireland,Dublin (Malahide),05/21/2017,Newzealad
270/8,50,,1,lost,Bangladesh,Dublin,05/24/2017,Newzealad
271/5,48.2,271,2,won,New Zealand,Dublin,05/24/2017,Bangladesh
267,45,340,2,lost,England,Leeds,05/24/2017,SouthAfrica
339/6,50,,1,won,South Africa,Leeds,05/24/2017,England
328/5,50,331,2,lost,England,Southampton,05/27/2017,SouthAfrica
330/6,50,,1,won,South Africa,Southampton,05/27/2017,England
156/3,28.5,154,2,won,England,Lord's,05/29/2017,SouthAfrica
153,31.1,,1,lost,South Africa,Lord's,05/29/2017,England
308/2,47.2,306,2,won,Bangladesh,The Oval,06-01-2017,England
305/6,50,,1,lost,England,The Oval,06-01-2017,Bangladesh
203,41.3,300,2,lost,South Africa,The Oval,06-03-2017,SriLanka
299/6,50,,1,won,Sri Lanka,The Oval,06-03-2017,SouthAfrica
164,33.4,289,2,lost,India,Birmingham,06-04-2017,Pakistan
319/3,48,,1,won,Pakistan,Birmingham,06-04-2017,India
223,44.3,311,2,lost,England,Cardiff,06-06-2017,Newzealad
310,49.3,,1,won,New Zealand,Cardiff,06-06-2017,England
219/8,50,,1,lost,Pakistan,Birmingham,06-07-2017,SouthAfrica
119/3,27,101,2,won,South Africa,Birmingham,06-07-2017,Pakistan
322/3,48.4,322,2,won,India,The Oval,06-08-2017,SriLanka
321/6,50,,1,lost,Sri Lanka,The Oval,06-08-2017,India
265/8,50,,1,lost,Bangladesh,Cardiff,06-09-2017,Newzealad
268/5,47.2,266,2,won,New Zealand,Cardiff,06-09-2017,Bangladesh
149,44.4,213,2,lost,Afghanistan,Gros Islet,06-09-2017,WestIndies
212/6,50,,1,won,West Indies,Gros Islet,06-09-2017,Afghanistan
240/4,40.2,201,2,won,Australia,Birmingham,06-10-2017,England
277/9,50,,1,lost,England,Birmingham,06-10-2017,Australia
191,44.3,,1,lost,India,The Oval,06-11-2017,SouthAfrica
193/2,38,192,2,won,South Africa,The Oval,06-11-2017,India
138/6,39.2,136,2,won,Afghanistan,Gros Islet,06-11-2017,WestIndies
135,37.3,,1,lost,West Indies,Gros Islet,06-11-2017,Afghanistan
236,49.2,,1,lost,Pakistan,Cardiff,06-12-2017,SriLanka
237/7,44.5,237,2,won,Sri Lanka,Cardiff,06-12-2017,Pakistan
215/2,37.1,212,2,won,England,Cardiff,06/14/2017,Pakistan
211,49.5,,1,lost,Pakistan,Cardiff,06/14/2017,England
265/1,40.1,265,2,won,Bangladesh,Birmingham,06/15/2017,India
264/7,50,,1,lost,India,Birmingham,06/15/2017,Bangladesh
338/4,50,,1,won,India,The Oval,06/18/2017,Pakistan
158,30.3,339,2,lost,Pakistan,The Oval,06/18/2017,India
205/6,43,311,2,lost,India,Port of Spain,06/25/2017,WestIndies
310/5,43,,1,won,West Indies,Port of Spain,06/25/2017,India
316/5,50,,1,lost,Zimbabwe,Galle,06/30/2017,SriLanka
158,38.1,252,2,lost,India,North Sound,06/30/2017,WestIndies
251/4,50,,1,won,West Indies,North Sound,06/30/2017,India
158/3,30.1,156,2,won,Zimbabwe,Galle,07-02-2017,SriLanka
189/9,50,,1,won,India,North Sound,07-02-2017,WestIndies
178,49.4,190,2,lost,West Indies,North Sound,07-02-2017,India
312/2,47.2,311,2,won,Zimbabwe,Hambantota,07-06-2017,SriLanka
205/9,50,,1,lost,India,Kingston,07-06-2017,WestIndies
206/2,36.5,206,2,won,West Indies,Kingston,07-06-2017,India
300/6,50,,1,lost,Zimbabwe,Hambantota,07-08-2017,SriLanka
203/8,50,,1,lost,Zimbabwe,Hambantota,07-10-2017,SriLanka
216,43.2,,1,lost,India,Dambulla,08/20/2017,SriLanka
220/1,28.5,217,2,won,Sri Lanka,Dambulla,08/20/2017,India
236/8,50,,1,lost,India,Pallekele,08/24/2017,SriLanka
231/7,44.2,231,2,won,Sri Lanka,Pallekele,08/24/2017,India
217/9,50,,1,lost,India,Pallekele,08/27/2017,SriLanka
218/4,45.1,218,2,won,Sri Lanka,Pallekele,08/27/2017,India
207,42.4,376,2,lost,India,Colombo (RPS),08/31/2017,SriLanka
375/5,50,,1,won,Sri Lanka,Colombo (RPS),08/31/2017,India
238,49.4,,1,lost,India,Colombo (RPS),09-03-2017,SriLanka
239/4,46.3,239,2,won,Sri Lanka,Colombo (RPS),09-03-2017,India
281/7,50,,1,won,Australia,Chennai,09/17/2017,India
137/9,21,164,2,lost,India,Chennai,09/17/2017,Australia
204/9,42,,1,lost,England,Manchester,09/19/2017,WestIndies
210/3,30.5,205,2,won,West Indies,Manchester,09/19/2017,England
252,50,,1,won,Australia,Kolkata,09/21/2017,India
202,43.1,253,2,lost,India,Kolkata,09/21/2017,Australia
294/5,47.5,294,2,won,Australia,Indore,09/24/2017,India
293/6,50,,1,lost,India,Indore,09/24/2017,Australia
245,39.1,370,2,lost,England,Bristol,09/24/2017,WestIndies
369/9,50,,1,won,West Indies,Bristol,09/24/2017,England
356/5,50,,1,lost,England,The Oval,09/27/2017,WestIndies
258/5,35.1,253,2,won,West Indies,The Oval,09/27/2017,England
313/8,50,335,2,lost,Australia,Bengaluru,09/28/2017,India
334/5,50,,1,won,India,Bengaluru,09/28/2017,Australia
288/6,50,,1,lost,England,Southampton,09/29/2017,WestIndies
294/1,38,289,2,won,West Indies,Southampton,09/29/2017,England
243/3,42.5,243,2,won,Australia,Nagpur,10-01-2017,India
242/9,50,,1,lost,India,Nagpur,10-01-2017,Australia
209/8,50,293,2,lost,Pakistan,Dubai (DSC),10/13/2017,SriLanka
292/6,50,,1,won,Sri Lanka,Dubai (DSC),10/13/2017,Pakistan
282/0,42.5,279,2,won,Bangladesh,Kimberley,10/15/2017,SouthAfrica
278/7,50,,1,lost,South Africa,Kimberley,10/15/2017,Bangladesh
187,48,220,2,lost,Pakistan,Abu Dhabi,10/16/2017,SriLanka
219/9,50,,1,won,Sri Lanka,Abu Dhabi,10/16/2017,Pakistan
353/6,50,,1,won,Bangladesh,Paarl,10/18/2017,SouthAfrica
249,47.5,354,2,lost,South Africa,Paarl,10/18/2017,Bangladesh
208,48.2,,1,lost,Pakistan,Abu Dhabi,10/18/2017,SriLanka
209/3,42.3,209,2,won,Sri Lanka,Abu Dhabi,10/18/2017,Pakistan
173,43.4,,1,lost,Pakistan,Sharjah,10/20/2017,SriLanka
177/3,39,174,2,won,Sri Lanka,Sharjah,10/20/2017,Pakistan
284/4,49,281,2,won,India,Mumbai,10/22/2017,Newzealad
280/8,50,,1,lost,New Zealand,Mumbai,10/22/2017,India
369/6,50,,1,won,Bangladesh,East London,10/22/2017,SouthAfrica
169,40.4,370,2,lost,South Africa,East London,10/22/2017,Bangladesh
103,26.2,,1,lost,Pakistan,Sharjah,10/23/2017,SriLanka
105/1,20.2,104,2,won,Sri Lanka,Sharjah,10/23/2017,Pakistan
230/9,50,,1,lost,India,Pune,10/25/2017,Newzealad
232/4,46,231,2,won,New Zealand,Pune,10/25/2017,India
331/7,50,338,2,lost,India,Kanpur,10/29/2017,Newzealad
337/6,50,,1,won,New Zealand,Kanpur,10/29/2017,India
238/9,50,,1,won,Ireland,Sharjah,12-05-2017,Afghanistan
220,45.2,272,2,lost,Ireland,Sharjah,12-07-2017,Afghanistan
114/3,20.4,113,2,won,India,Dharamsala,12-10-2017,SriLanka
112,38.2,,1,lost,Sri Lanka,Dharamsala,12-10-2017,India
177,48.2,,1,lost,Ireland,Sharjah,12-10-2017,Afghanistan
251/8,50,393,2,lost,India,Mohali,12/13/2017,SriLanka
392/4,50,,1,won,Sri Lanka,Mohali,12/13/2017,India
215,44.5,,1,lost,India,Visakhapatnam,12/17/2017,SriLanka
219/2,32.1,216,2,won,Sri Lanka,Visakhapatnam,12/17/2017,India
248/9,50,,1,lost,New Zealand,Whangarei,12/20/2017,WestIndies
249/5,46,249,2,won,West Indies,Whangarei,12/20/2017,Newzealad
121,28,326,2,lost,New Zealand,Christchurch,12/23/2017,WestIndies
325/6,50,,1,won,West Indies,Christchurch,12/23/2017,Newzealad
99/9,23,166,2,lost,New Zealand,Christchurch,12/26/2017,WestIndies
131/4,23,,1,won,West Indies,Christchurch,12/26/2017,Newzealad
166/6,30.1,228,2,lost,New Zealand,Wellington,01-06-2018,Pakistan
315/7,50,,1,won,Pakistan,Wellington,01-06-2018,Newzealad
246/9,50,,1,lost,New Zealand,Nelson,01-09-2018,Pakistan
151/2,23.5,151,2,won,Pakistan,Nelson,01-09-2018,Newzealad
74,27.2,258,2,lost,New Zealand,Dunedin,01/13/2018,Pakistan
257,50,,1,won,Pakistan,Dunedin,01/13/2018,Newzealad
308/5,48.5,305,2,won,Australia,Melbourne,01/14/2018,England
304/8,50,,1,lost,England,Melbourne,01/14/2018,Australia
171/2,28.3,171,2,won,Zimbabwe,Dhaka,01/15/2018,Bangladesh
262/8,50,,1,lost,New Zealand,Hamilton,01/16/2018,Pakistan
263/5,45.5,263,2,won,Pakistan,Hamilton,01/16/2018,Newzealad
278,48.1,291,2,lost,Zimbabwe,Dhaka,01/17/2018,SriLanka
256,49,272,2,lost,New Zealand,Wellington,01/19/2018,Pakistan
271/7,50,,1,won,Pakistan,Wellington,01/19/2018,Newzealad
274/6,44.2,271,2,won,Australia,Brisbane,01/19/2018,England
270/9,50,,1,lost,England,Brisbane,01/19/2018,Australia
157,32.2,321,2,lost,Bangladesh,Dhaka,01/19/2018,SriLanka
320/7,50,,1,won,Sri Lanka,Dhaka,01/19/2018,Bangladesh
302/6,50,,1,won,Australia,Sydney,01/21/2018,England
286/6,50,303,2,lost,England,Sydney,01/21/2018,Australia
202/5,44.5,199,2,won,Zimbabwe,Dhaka,01/21/2018,SriLanka
216/9,50,,1,won,Zimbabwe,Dhaka,01/23/2018,Bangladesh
83/0,11.5,83,2,won,Bangladesh,Dhaka,01/25/2018,SriLanka
82,24,,1,lost,Sri Lanka,Dhaka,01/25/2018,Bangladesh
196,44.5,,1,lost,Australia,Adelaide,01/26/2018,England
197/7,37,197,2,won,England,Adelaide,01/26/2018,Australia
221,50,,1,won,Bangladesh,Dhaka,01/27/2018,SriLanka
142,41.1,222,2,lost,Sri Lanka,Dhaka,01/27/2018,Bangladesh
259,47.4,,1,won,Australia,Perth,01/28/2018,England
247,48.2,260,2,lost,England,Perth,01/28/2018,Australia
269/8,50,,1,lost,India,Durban,02-01-2018,SouthAfrica
270/4,45.3,270,2,won,South Africa,Durban,02-01-2018,India
118,32.2,,1,lost,India,Centurion,02-04-2018,SouthAfrica
119/1,20.3,119,2,won,South Africa,Centurion,02-04-2018,India
179,40,304,2,lost,India,Cape Town,02-07-2018,SouthAfrica
303/6,50,,1,won,South Africa,Cape Town,02-07-2018,India
333/5,50,,1,won,Zimbabwe,Sharjah,02-09-2018,Afghanistan
207/5,25.3,202,2,won,India,Johannesburg,02-10-2018,SouthAfrica
289/7,50,,1,lost,South Africa,Johannesburg,02-10-2018,India
179,30.1,334,2,lost,Zimbabwe,Sharjah,02-11-2018,Afghanistan
158/4,27.3,155,2,won,Zimbabwe,Sharjah,02/13/2018,Afghanistan
201,42.2,275,2,lost,India,Port Elizabeth,02/13/2018,SouthAfrica
274/7,50,,1,won,South Africa,Port Elizabeth,02/13/2018,India
135/0,21.1,135,2,won,Zimbabwe,Sharjah,02/16/2018,Afghanistan
204,46.5,,1,lost,India,Centurion,02/16/2018,SouthAfrica
206/2,32.1,205,2,won,South Africa,Centurion,02/16/2018,India
241/9,50,,1,won,Zimbabwe,Sharjah,02/19/2018,Afghanistan
287/7,49.2,285,2,won,England,Hamilton,02/25/2018,Newzealad
284/8,50,,1,lost,New Zealand,Hamilton,02/25/2018,England
223,49.4,,1,lost,England,Mount Maunganui,02/28/2018,Newzealad
225/4,37.5,224,2,won,New Zealand,Mount Maunganui,02/28/2018,England
230/8,50,235,2,lost,England,Wellington,03-03-2018,Newzealad
234,50,,1,won,New Zealand,Wellington,03-03-2018,England
255,49.4,,1,lost,Scotland,Bulawayo,03-04-2018,Afghanistan
357/4,50,,1,won,U.A.E.,Harare,03-06-2018,WestIndies
194,49.3,197,2,lost,Zimbabwe,Bulawayo,03-06-2018,Afghanistan
339/5,49.3,336,2,won,England,Dunedin,03-07-2018,Newzealad
335/9,50,,1,lost,New Zealand,Dunedin,03-07-2018,England
195/9,46,226,2,lost,Hong Kong,Bulawayo,03-08-2018,Afghanistan
201/4,43,201,2,won,P.N.G.,Harare,03-08-2018,WestIndies
223,49.5,,1,lost,England,Christchurch,03-10-2018,Newzealad
229/3,32.4,224,2,won,New Zealand,Christchurch,03-10-2018,England
257/8,50,,1,won,Ireland,Harare,03-10-2018,WestIndies
197/8,50,,1,lost,Afghanistan,Harare,03/15/2018,WestIndies
198/7,47.4,198,2,won,West Indies,Harare,03/15/2018,Afghanistan
290/6,49,290,2,won,Zimbabwe,Harare,03/19/2018,WestIndies
178/5,34.3,178,2,won,U.A.E.,Harare,03/20/2018,Afghanistan
198,48.4,,1,won,Scotland,Harare,03/21/2018,WestIndies
213/5,49.1,210,2,won,Ireland,Harare,03/23/2018,Afghanistan
204,46.5,,1,lost,Afghanistan,Harare,03/25/2018,WestIndies
206/3,40.4,205,2,won,West Indies,Harare,03/25/2018,Afghanistan
365,48.5,372,2,lost,Scotland,Edinburgh,06-10-2018,England
218/7,44,215,2,won,Australia,The Oval,06/13/2018,England
214,47,,1,lost,England,The Oval,06/13/2018,Australia
342/8,50,,1,won,Australia,Cardiff,06/16/2018,England
304,47.1,343,2,lost,England,Cardiff,06/16/2018,Australia
481/6,50,,1,won,Australia,Nottingham,06/19/2018,England
239,37,482,2,lost,England,Nottingham,06/19/2018,Australia
314/4,44.4,311,2,won,Australia,Chester-le-Street,06/21/2018,England
310/8,50,,1,lost,England,Chester-le-Street,06/21/2018,Australia
208/9,48.3,206,2,won,Australia,Manchester,06/24/2018,England
205,34.4,,1,lost,England,Manchester,06/24/2018,Australia
269/2,40.1,269,2,won,England,Nottingham,07-12-2018,India
268,49.5,,1,lost,India,Nottingham,07-12-2018,England
308/7,50,,1,won,Zimbabwe,Bulawayo,07/13/2018,Pakistan
236,50,323,2,lost,England,Lord's,07/14/2018,India
322/7,50,,1,won,India,Lord's,07/14/2018,England
195/1,36,195,2,won,Zimbabwe,Bulawayo,07/16/2018,Pakistan
256/8,50,,1,lost,England,Leeds,07/17/2018,India
260/2,44.3,257,2,won,India,Leeds,07/17/2018,England
69/1,9.5,68,2,won,Zimbabwe,Bulawayo,07/18/2018,Pakistan
399/1,50,,1,won,Zimbabwe,Bulawayo,07/20/2018,Pakistan
364/4,50,,1,won,Zimbabwe,Bulawayo,07/22/2018,Pakistan
231/9,50,280,2,lost,Bangladesh,Providence,07/22/2018,WestIndies
279/4,50,,1,won,West Indies,Providence,07/22/2018,Bangladesh
271,49.3,,1,won,Bangladesh,Providence,07/25/2018,WestIndies
268/6,50,272,2,lost,West Indies,Providence,07/25/2018,Bangladesh
283/6,50,302,2,lost,Bangladesh,Basseterre,07/28/2018,WestIndies
301/6,50,,1,won,West Indies,Basseterre,07/28/2018,Bangladesh
193,34.3,,1,lost,South Africa,Dambulla,07/29/2018,SriLanka
196/5,31,194,2,won,Sri Lanka,Dambulla,07/29/2018,SouthAfrica
244/8,50,,1,lost,South Africa,Dambulla,08-01-2018,SriLanka
246/6,42.5,245,2,won,Sri Lanka,Dambulla,08-01-2018,SouthAfrica
285,45.2,364,2,lost,South Africa,Pallekele,08-05-2018,SriLanka
363/7,50,,1,won,Sri Lanka,Pallekele,08-05-2018,SouthAfrica
306/7,39,,1,won,South Africa,Pallekele,08-08-2018,SriLanka
187/9,21,191,2,lost,Sri Lanka,Pallekele,08-08-2018,SouthAfrica
299/8,50,,1,won,South Africa,Colombo (RPS),08-12-2018,SriLanka
121,24.4,300,2,lost,Sri Lanka,Colombo (RPS),08-12-2018,SouthAfrica
227/9,50,,1,won,Ireland,Belfast,08/27/2018,Afghanistan
182/9,50,,1,lost,Ireland,Belfast,08/29/2018,Afghanistan
127/2,23.5,125,2,won,Ireland,Belfast,08/31/2018,Afghanistan
124,35.2,262,2,lost,Bangladesh,Dubai (DSC),09/15/2018,SriLanka
261,49.3,,1,won,Sri Lanka,Dubai (DSC),09/15/2018,Bangladesh
120/2,23.4,117,2,won,Hong Kong,Dubai (DSC),09/16/2018,Pakistan
158,41.2,250,2,lost,Afghanistan,Abu Dhabi,09/17/2018,SriLanka
249,50,,1,won,Sri Lanka,Abu Dhabi,09/17/2018,Afghanistan
285/7,50,,1,won,Hong Kong,Dubai (DSC),09/18/2018,India
162,43.1,,1,lost,India,Dubai (DSC),09/19/2018,Pakistan
164/2,29,163,2,won,Pakistan,Dubai (DSC),09/19/2018,India
119,42.1,256,2,lost,Afghanistan,Abu Dhabi,09/20/2018,Bangladesh
255/7,50,,1,won,Bangladesh,Abu Dhabi,09/20/2018,Afghanistan
174/3,36.2,174,2,won,Bangladesh,Dubai (DSC),09/21/2018,India
173,49.1,,1,lost,India,Dubai (DSC),09/21/2018,Bangladesh
258/7,49.3,258,2,won,Afghanistan,Abu Dhabi,09/21/2018,Pakistan
257/6,50,,1,lost,Pakistan,Abu Dhabi,09/21/2018,Afghanistan
237/7,50,,1,lost,India,Dubai (DSC),09/23/2018,Pakistan
238/1,39.3,238,2,won,Pakistan,Dubai (DSC),09/23/2018,India
249/7,50,,1,won,Afghanistan,Abu Dhabi,09/23/2018,Bangladesh
246/7,50,250,2,lost,Bangladesh,Abu Dhabi,09/23/2018,Afghanistan
252,49.5,253,2,tied,Afghanistan,Dubai (DSC),09/25/2018,India
252/8,50,,1,tied,India,Dubai (DSC),09/25/2018,Afghanistan
202/9,50,240,2,lost,Bangladesh,Abu Dhabi,09/26/2018,Pakistan
239,48.5,,1,won,Pakistan,Abu Dhabi,09/26/2018,Bangladesh
223/7,50,223,2,won,Bangladesh,Dubai (DSC),09/28/2018,India
222,48.3,,1,lost,India,Dubai (DSC),09/28/2018,Bangladesh
119/5,26.1,118,2,won,Zimbabwe,Kimberley,09/30/2018,SouthAfrica
198,47.3,,1,won,Zimbabwe,Bloemfontein,10-03-2018,SouthAfrica
231/6,45.5,229,2,won,Zimbabwe,Paarl,10-06-2018,SouthAfrica
140/5,29,172,2,lost,England,Dambulla,10/13/2018,SriLanka
278/9,50,,1,won,Sri Lanka,Dambulla,10/13/2018,England
150/9,21,,1,lost,England,Pallekele,10/17/2018,SriLanka
153/3,18.3,151,2,won,Sri Lanka,Pallekele,10/17/2018,England
273/7,50,,1,lost,England,Pallekele,10/20/2018,SriLanka
132/2,27,115,2,won,Sri Lanka,Pallekele,10/20/2018,England
322/8,50,,1,lost,India,Guwahati,10/21/2018,WestIndies
326/2,42.1,323,2,won,West Indies,Guwahati,10/21/2018,India
271/8,50,,1,won,Zimbabwe,Dhaka,10/21/2018,Bangladesh
366/6,50,,1,won,England,Colombo (RPS),10/23/2018,SriLanka
132/9,26.1,352,2,lost,Sri Lanka,Colombo (RPS),10/23/2018,England
321/7,50,322,2,tied,India,Visakhapatnam,10/24/2018,WestIndies
321/6,50,,1,tied,West Indies,Visakhapatnam,10/24/2018,India
250/3,44.1,247,2,won,Zimbabwe,Chattogram,10/24/2018,Bangladesh
288/3,42.1,287,2,won,Zimbabwe,Chattogram,10/26/2018,Bangladesh
283/9,50,,1,won,India,Pune,10/27/2018,WestIndies
240,47.4,284,2,lost,West Indies,Pune,10/27/2018,India
153,36.2,378,2,lost,India,Mumbai (BS),10/29/2018,WestIndies
377/5,50,,1,won,West Indies,Mumbai (BS),10/29/2018,India
104,31.5,,1,lost,India,Thiruvananthapuram,11-01-2018,WestIndies
105/1,14.5,105,2,won,West Indies,Thiruvananthapuram,11-01-2018,India
153/4,29.2,153,2,won,Australia,Perth,11-04-2018,SouthAfrica
152,38.1,,1,lost,South Africa,Perth,11-04-2018,Australia
219,47.2,267,2,lost,New Zealand,Abu Dhabi,11-07-2018,Pakistan
266/9,50,,1,won,Pakistan,Abu Dhabi,11-07-2018,Newzealad
224/9,50,232,2,lost,Australia,Adelaide,11-09-2018,SouthAfrica
231,48.3,,1,won,South Africa,Adelaide,11-09-2018,Australia
212/4,40.3,210,2,won,New Zealand,Abu Dhabi,11-09-2018,Pakistan
209/9,50,,1,lost,Pakistan,Abu Dhabi,11-09-2018,Newzealad
320/5,50,,1,won,Australia,Hobart,11-11-2018,SouthAfrica
280/9,50,321,2,lost,South Africa,Hobart,11-11-2018,Australia
195/9,50,,1,lost,Bangladesh,Dhaka,12-09-2018,WestIndies
196/5,35.1,196,2,won,West Indies,Dhaka,12-09-2018,Bangladesh
256/6,49.4,256,2,won,Bangladesh,Dhaka,12-11-2018,WestIndies
255/7,50,,1,lost,West Indies,Dhaka,12-11-2018,Bangladesh
198/9,50,,1,lost,Bangladesh,Sylhet,12/14/2018,WestIndies
202/2,38.3,199,2,won,West Indies,Sylhet,12/14/2018,Bangladesh
326,49,372,2,lost,New Zealand,Mount Maunganui,01-03-2019,SriLanka
371/7,50,,1,won,Sri Lanka,Mount Maunganui,01-03-2019,Newzealad
298,46.2,320,2,lost,New Zealand,Mount Maunganui,01-05-2019,SriLanka
319/7,50,,1,won,Sri Lanka,Mount Maunganui,01-05-2019,Newzealad
249,41.4,365,2,lost,New Zealand,Nelson,01-08-2019,SriLanka
364/4,50,,1,won,Sri Lanka,Nelson,01-08-2019,Newzealad
254/9,50,289,2,lost,Australia,Sydney,01-12-2019,India
288/5,50,,1,won,India,Sydney,01-12-2019,Australia
299/4,49.2,299,2,won,Australia,Adelaide,01/15/2019,India
298/9,50,,1,lost,India,Adelaide,01/15/2019,Australia
234/3,49.2,231,2,won,Australia,Melbourne,01/18/2019,India
230,48.4,,1,lost,India,Melbourne,01/18/2019,Australia
266/2,50,,1,lost,Pakistan,Port Elizabeth,01/19/2019,SouthAfrica
267/5,49.1,267,2,won,South Africa,Port Elizabeth,01/19/2019,Pakistan
207/5,42,204,2,won,Pakistan,Durban,01/22/2019,SouthAfrica
203,45.5,,1,lost,South Africa,Durban,01/22/2019,Pakistan
157,38,,1,lost,India,Napier,01/23/2019,Newzealad
156/2,34.5,156,2,won,New Zealand,Napier,01/23/2019,India
187/2,33,175,2,won,Pakistan,Centurion,01/25/2019,SouthAfrica
317/6,50,,1,lost,South Africa,Centurion,01/25/2019,Pakistan
234,40.2,325,2,lost,India,Mount Maunganui,01/26/2019,Newzealad
324/4,50,,1,won,New Zealand,Mount Maunganui,01/26/2019,India
164,41,,1,lost,Pakistan,Johannesburg,01/27/2019,SouthAfrica
168/2,31.3,165,2,won,South Africa,Johannesburg,01/27/2019,Pakistan
243,49,,1,lost,India,Mount Maunganui,01/28/2019,Newzealad
245/3,43,244,2,won,New Zealand,Mount Maunganui,01/28/2019,India
241/3,40,241,2,won,Pakistan,Cape Town,01/30/2019,SouthAfrica
240/8,50,,1,lost,South Africa,Cape Town,01/30/2019,Pakistan
93/2,14.4,93,2,won,India,Hamilton,01/31/2019,Newzealad
92,30.5,,1,lost,New Zealand,Hamilton,01/31/2019,India
217,44.1,253,2,lost,India,Wellington,02-03-2019,Newzealad
252,49.5,,1,won,New Zealand,Wellington,02-03-2019,India
233/2,44.3,233,2,won,Bangladesh,Napier,02/13/2019,Newzealad
232,48.5,,1,lost,New Zealand,Napier,02/13/2019,Bangladesh
229/2,36.1,227,2,won,Bangladesh,Christchurch,02/16/2019,Newzealad
226,49.4,,1,lost,New Zealand,Christchurch,02/16/2019,Bangladesh
330/6,50,,1,won,Bangladesh,Dunedin,02/20/2019,Newzealad
242,47.2,331,2,lost,New Zealand,Dunedin,02/20/2019,Bangladesh
360/8,50,,1,lost,England,Bridgetown,02/20/2019,WestIndies
364/4,48.4,361,2,won,West Indies,Bridgetown,02/20/2019,England
289/6,50,,1,won,England,Bridgetown,02/22/2019,WestIndies
263,47.4,290,2,lost,West Indies,Bridgetown,02/22/2019,England
389,48,419,2,lost,England,St George's,02/27/2019,WestIndies
418/6,50,,1,won,West Indies,St George's,02/27/2019,England
165/5,41.5,162,2,won,Ireland,Dehradun,02/28/2019,Afghanistan
240/4,48.2,237,2,won,Australia,Hyderabad (Deccan),03-02-2019,India
236/7,50,,1,lost,India,Hyderabad (Deccan),03-02-2019,Australia
115/3,12.1,114,2,won,England,Gros Islet,03-02-2019,WestIndies
113,28.1,,1,lost,West Indies,Gros Islet,03-02-2019,England
231,47,,1,lost,South Africa,Johannesburg,03-03-2019,SriLanka
232/2,38.5,232,2,won,Sri Lanka,Johannesburg,03-03-2019,SouthAfrica
256/8,50,,1,lost,Ireland,Dehradun,03-05-2019,Afghanistan
250,48.2,,1,won,Australia,Nagpur,03-05-2019,India
242,49.3,251,2,lost,India,Nagpur,03-05-2019,Australia
138,32.2,252,2,lost,South Africa,Centurion,03-06-2019,SriLanka
251,45.1,,1,won,Sri Lanka,Centurion,03-06-2019,SouthAfrica
223,49.1,,1,won,Ireland,Dehradun,03-08-2019,Afghanistan
281,48.2,314,2,lost,Australia,Ranchi,03-08-2019,India
313/5,50,,1,won,India,Ranchi,03-08-2019,Australia
216/6,50,,1,lost,Ireland,Dehradun,03-10-2019,Afghanistan
358/9,50,,1,lost,Australia,Mohali,03-10-2019,India
359/6,47.5,359,2,won,India,Mohali,03-10-2019,Australia
121/5,24,193,2,lost,South Africa,Durban,03-10-2019,SriLanka
331/5,50,,1,won,Sri Lanka,Durban,03-10-2019,SouthAfrica
237,50,273,2,lost,Australia,Delhi,03/13/2019,India
272/9,50,,1,won,India,Delhi,03/13/2019,Australia
189,39.2,,1,lost,South Africa,Port Elizabeth,03/13/2019,SriLanka
190/4,32.5,190,2,won,Sri Lanka,Port Elizabeth,03/13/2019,SouthAfrica
225,49.3,,1,lost,South Africa,Cape Town,03/16/2019,SriLanka
135/2,28,95,2,won,Sri Lanka,Cape Town,03/16/2019,SouthAfrica
280/5,50,,1,lost,Australia,Sharjah,03/22/2019,Pakistan
281/2,49,281,2,won,Pakistan,Sharjah,03/22/2019,Australia
284/7,50,,1,lost,Australia,Sharjah,03/24/2019,Pakistan
285/2,47.5,285,2,won,Pakistan,Sharjah,03/24/2019,Australia
186,44.4,267,2,lost,Australia,Abu Dhabi,03/27/2019,Pakistan
266/6,50,,1,won,Pakistan,Abu Dhabi,03/27/2019,Australia
271/8,50,278,2,lost,Australia,Dubai (DSC),03/29/2019,Pakistan
277/7,50,,1,won,Pakistan,Dubai (DSC),03/29/2019,Australia
307/7,50,328,2,lost,Australia,Dubai (DSC),03/31/2019,Pakistan
327/7,50,,1,won,Pakistan,Dubai (DSC),03/31/2019,Australia
199/6,42,199,2,won,Ireland,Dublin (Malahide),05-03-2019,England
381/3,50,,1,won,Ireland,Dublin,05-05-2019,WestIndies
261/9,50,,1,lost,Bangladesh,Dublin,05-07-2019,WestIndies
264/2,45,262,2,won,West Indies,Dublin,05-07-2019,Bangladesh
269/3,44.5,268,2,won,Scotland,Edinburgh,05-10-2019,Afghanistan
331/5,47.5,328,2,won,Ireland,Dublin (Malahide),05-11-2019,WestIndies
361/7,50,374,2,lost,England,Southampton,05-11-2019,Pakistan
373/3,50,,1,won,Pakistan,Southampton,05-11-2019,England
247/9,50,,1,lost,Bangladesh,Dublin (Malahide),05/13/2019,WestIndies
248/5,47.2,248,2,won,West Indies,Dublin (Malahide),05/13/2019,Bangladesh
358/9,50,,1,lost,England,Bristol,05/14/2019,Pakistan
359/4,44.5,359,2,won,Pakistan,Bristol,05/14/2019,England
294/4,43,293,2,won,Ireland,Dublin,05/15/2019,Bangladesh
152/1,24,,1,lost,Bangladesh,Dublin (Malahide),05/17/2019,WestIndies
213/5,22.5,210,2,won,West Indies,Dublin (Malahide),05/17/2019,Bangladesh
340/7,50,,1,lost,England,Nottingham,05/17/2019,Pakistan
341/7,49.3,341,2,won,Pakistan,Nottingham,05/17/2019,England
