Result,Margin,Toss,Bat,Opposition,Ground,Start Date,Country
won,85 runs,lost,1st,India,Kolkata,01/03/2013,Pakistan
lost,85 runs,won,2nd,Pakistan,Kolkata,01/03/2013,India
lost,10 runs,lost,2nd,India,Delhi,01/06/2013,Pakistan
won,10 runs,won,1st,Pakistan,Delhi,01/06/2013,India
lost,107 runs,lost,2nd,Australia,Melbourne,01/11/2013,SriLanka
won,107 runs,won,1st,Sri Lanka,Melbourne,01/11/2013,Australia
lost,9 runs,lost,2nd,England,Rajkot,01/11/2013,India
won,9 runs,won,1st,India,Rajkot,01/11/2013,England
won,8 wickets,won,2nd,Australia,Adelaide,01/13/2013,SriLanka
lost,8 wickets,lost,1st,Sri Lanka,Adelaide,01/13/2013,Australia
won,127 runs,won,1st,England,Kochi,01/15/2013,India
lost,127 runs,lost,2nd,India,Kochi,01/15/2013,England
won,4 wickets,lost,2nd,Australia,Brisbane,01/18/2013,SriLanka
lost,4 wickets,won,1st,Sri Lanka,Brisbane,01/18/2013,Australia
won,7 wickets,won,2nd,England,Ranchi,01/19/2013,India
lost,7 wickets,lost,1st,India,Ranchi,01/19/2013,England
lost,1 wickets,lost,1st,New Zealand,Paarl,01/19/2013,SouthAfrica
won,1 wickets,won,2nd,South Africa,Paarl,01/19/2013,Newzealad
lost,27 runs,won,2nd,New Zealand,Kimberley,01/22/2013,SouthAfrica
won,27 runs,lost,1st,South Africa,Kimberley,01/22/2013,Newzealad
lost,32 runs,won,2nd,Australia,Hobart,01/23/2013,SriLanka
won,32 runs,lost,1st,Sri Lanka,Hobart,01/23/2013,Australia
won,5 wickets,won,2nd,England,Mohali,01/23/2013,India
lost,5 wickets,lost,1st,India,Mohali,01/23/2013,England
won,1 wickets,lost,2nd,New Zealand,Potchefstroom,01/25/2013,SouthAfrica
lost,1 wickets,won,1st,South Africa,Potchefstroom,01/25/2013,Newzealad
lost,7 wickets,lost,1st,England,Dharamsala,01/27/2013,India
won,7 wickets,won,2nd,India,Dharamsala,01/27/2013,England
lost,9 wickets,won,1st,Australia,Perth,02/01/2013,WestIndies
won,9 wickets,lost,2nd,West Indies,Perth,02/01/2013,Australia
lost,54 runs,won,2nd,Australia,Perth,02/03/2013,WestIndies
won,54 runs,lost,1st,West Indies,Perth,02/03/2013,Australia
lost,39 runs,lost,2nd,Australia,Canberra,02/06/2013,WestIndies
won,39 runs,won,1st,West Indies,Canberra,02/06/2013,Australia
lost,5 wickets,won,1st,Australia,Sydney,02/08/2013,WestIndies
won,5 wickets,lost,2nd,West Indies,Sydney,02/08/2013,Australia
lost,17 runs,won,2nd,Australia,Melbourne,02/10/2013,WestIndies
won,17 runs,lost,1st,West Indies,Melbourne,02/10/2013,Australia
won,3 wickets,won,2nd,England,Hamilton,02/17/2013,Newzealad
lost,3 wickets,lost,1st,New Zealand,Hamilton,02/17/2013,England
lost,8 wickets,lost,1st,England,Napier,02/20/2013,Newzealad
won,8 wickets,won,2nd,New Zealand,Napier,02/20/2013,England
won,156 runs,lost,1st,Zimbabwe,St George's,02/22/2013,WestIndies
lost,5 wickets,lost,1st,England,Auckland,02/23/2013,Newzealad
won,5 wickets,won,2nd,New Zealand,Auckland,02/23/2013,England
won,7 wickets,lost,2nd,Zimbabwe,St George's,02/24/2013,WestIndies
won,5 wickets,lost,2nd,Zimbabwe,St George's,02/26/2013,WestIndies
won,7 wickets,lost,2nd,Scotland,Sharjah,03/06/2013,Afghanistan
won,5 wickets,won,2nd,Scotland,Sharjah,03/08/2013,Afghanistan
won,125 runs,lost,1st,Pakistan,Bloemfontein,03/10/2013,SouthAfrica
lost,125 runs,won,2nd,South Africa,Bloemfontein,03/10/2013,Pakistan
lost,6 wickets,won,1st,Pakistan,Centurion,03/15/2013,SouthAfrica
won,6 wickets,lost,2nd,South Africa,Centurion,03/15/2013,Pakistan
won,34 runs,lost,1st,Pakistan,Johannesburg,03/17/2013,SouthAfrica
lost,34 runs,won,2nd,South Africa,Johannesburg,03/17/2013,Pakistan
lost,3 wickets,won,1st,Pakistan,Durban,03/21/2013,SouthAfrica
won,3 wickets,lost,2nd,South Africa,Durban,03/21/2013,Pakistan
won,8 wickets,won,2nd,Bangladesh,Hambantota,03/23/2013,SriLanka
lost,8 wickets,lost,1st,Sri Lanka,Hambantota,03/23/2013,Bangladesh
won,6 wickets,lost,2nd,Pakistan,Benoni,03/24/2013,SouthAfrica
lost,6 wickets,won,1st,South Africa,Benoni,03/24/2013,Pakistan
lost,3 wickets,won,1st,Bangladesh,Pallekele,03/28/2013,SriLanka
won,3 wickets,lost,2nd,Sri Lanka,Pallekele,03/28/2013,Bangladesh
won,121 runs,lost,1st,Zimbabwe,Bulawayo,05/03/2013,Bangladesh
lost,6 wickets,lost,1st,Zimbabwe,Bulawayo,05/05/2013,Bangladesh
lost,7 wickets,lost,1st,Zimbabwe,Bulawayo,05/08/2013,Bangladesh
won,96 runs,won,1st,Scotland,Edinburgh,05/17/2013,Pakistan
tied,-,won,1st,Ireland,Dublin,05/23/2013,Pakistan
won,2 wickets,won,2nd,Ireland,Dublin,05/26/2013,Pakistan
won,83 runs,won,1st,Netherlands,Amstelveen,05/31/2013,SouthAfrica
won,5 wickets,won,2nd,England,Lord's,05/31/2013,Newzealad
lost,5 wickets,lost,1st,New Zealand,Lord's,05/31/2013,England
won,86 runs,won,1st,England,Southampton,06/02/2013,Newzealad
lost,86 runs,lost,2nd,New Zealand,Southampton,06/02/2013,England
lost,34 runs,won,2nd,England,Nottingham,06/05/2013,Newzealad
won,34 runs,lost,1st,New Zealand,Nottingham,06/05/2013,England
lost,26 runs,won,2nd,India,Cardiff,06/06/2013,SouthAfrica
won,26 runs,lost,1st,South Africa,Cardiff,06/06/2013,India
won,2 wickets,won,2nd,Pakistan,The Oval,06/07/2013,WestIndies
lost,2 wickets,lost,1st,West Indies,The Oval,06/07/2013,Pakistan
won,48 runs,won,1st,Australia,Birmingham,06/08/2013,England
lost,48 runs,lost,2nd,England,Birmingham,06/08/2013,Australia
lost,1 wickets,won,1st,New Zealand,Cardiff,06/09/2013,SriLanka
won,1 wickets,lost,2nd,Sri Lanka,Cardiff,06/09/2013,Newzealad
won,67 runs,won,1st,Pakistan,Birmingham,06/10/2013,SouthAfrica
lost,67 runs,lost,2nd,South Africa,Birmingham,06/10/2013,Pakistan
lost,8 wickets,lost,1st,India,The Oval,06/11/2013,WestIndies
won,8 wickets,won,2nd,West Indies,The Oval,06/11/2013,India
won,7 wickets,won,2nd,England,The Oval,06/13/2013,SriLanka
lost,7 wickets,lost,1st,Sri Lanka,The Oval,06/13/2013,England
tied,-,won,2nd,South Africa,Cardiff,06/14/2013,WestIndies
tied,-,lost,1st,West Indies,Cardiff,06/14/2013,SouthAfrica
lost,8 wickets,lost,1st,India,Birmingham,06/15/2013,Pakistan
won,8 wickets,won,2nd,Pakistan,Birmingham,06/15/2013,India
lost,10 runs,won,2nd,England,Cardiff,06/16/2013,Newzealad
won,10 runs,lost,1st,New Zealand,Cardiff,06/16/2013,England
won,20 runs,lost,1st,Australia,The Oval,06/17/2013,SriLanka
lost,20 runs,won,2nd,Sri Lanka,The Oval,06/17/2013,Australia
lost,7 wickets,lost,1st,England,The Oval,06/19/2013,SouthAfrica
won,7 wickets,won,2nd,South Africa,The Oval,06/19/2013,England
lost,8 wickets,lost,1st,India,Cardiff,06/20/2013,SriLanka
won,8 wickets,won,2nd,Sri Lanka,Cardiff,06/20/2013,India
won,5 runs,lost,1st,England,Birmingham,06/23/2013,India
lost,5 runs,won,2nd,India,Birmingham,06/23/2013,England
won,6 wickets,won,2nd,Sri Lanka,Kingston,06/28/2013,WestIndies
lost,6 wickets,lost,1st,West Indies,Kingston,06/28/2013,SriLanka
won,1 wickets,won,2nd,India,Kingston,06/30/2013,WestIndies
lost,1 wickets,lost,1st,West Indies,Kingston,06/30/2013,India
won,161 runs,lost,1st,India,Kingston,07/02/2013,SriLanka
lost,161 runs,won,2nd,Sri Lanka,Kingston,07/02/2013,India
lost,102 runs,won,2nd,India,Port of Spain,07/05/2013,WestIndies
won,102 runs,lost,1st,West Indies,Port of Spain,07/05/2013,India
lost,39 runs,won,2nd,Sri Lanka,Port of Spain,07/07/2013,WestIndies
won,39 runs,lost,1st,West Indies,Port of Spain,07/07/2013,SriLanka
lost,81 runs,won,2nd,India,Port of Spain,07/09/2013,SriLanka
won,81 runs,lost,1st,Sri Lanka,Port of Spain,07/09/2013,India
lost,1 wickets,lost,1st,India,Port of Spain,07/11/2013,SriLanka
won,1 wickets,won,2nd,Sri Lanka,Port of Spain,07/11/2013,India
lost,126 runs,won,2nd,Pakistan,Providence,07/14/2013,WestIndies
won,126 runs,lost,1st,West Indies,Providence,07/14/2013,Pakistan
won,37 runs,lost,1st,Pakistan,Providence,07/16/2013,WestIndies
lost,37 runs,won,2nd,West Indies,Providence,07/16/2013,Pakistan
tied,-,won,2nd,Pakistan,Gros Islet,07/19/2013,WestIndies
tied,-,lost,1st,West Indies,Gros Islet,07/19/2013,Pakistan
won,180 runs,lost,1st,South Africa,Colombo (RPS),07/20/2013,SriLanka
lost,180 runs,won,2nd,Sri Lanka,Colombo (RPS),07/20/2013,SouthAfrica
lost,6 wickets,lost,1st,Pakistan,Gros Islet,07/21/2013,WestIndies
won,6 wickets,won,2nd,West Indies,Gros Islet,07/21/2013,Pakistan
won,17 runs,won,1st,South Africa,Colombo (RPS),07/23/2013,SriLanka
lost,17 runs,lost,2nd,Sri Lanka,Colombo (RPS),07/23/2013,SouthAfrica
won,6 wickets,won,2nd,Zimbabwe,Harare,07/24/2013,India
lost,4 wickets,lost,1st,Pakistan,Gros Islet,07/24/2013,WestIndies
won,4 wickets,won,2nd,West Indies,Gros Islet,07/24/2013,Pakistan
won,58 runs,lost,1st,Zimbabwe,Harare,07/26/2013,India
lost,56 runs,lost,2nd,South Africa,Pallekele,07/26/2013,SriLanka
won,56 runs,won,1st,Sri Lanka,Pallekele,07/26/2013,SouthAfrica
won,7 wickets,won,2nd,Zimbabwe,Harare,07/28/2013,India
won,8 wickets,lost,2nd,South Africa,Pallekele,07/28/2013,SriLanka
lost,8 wickets,won,1st,Sri Lanka,Pallekele,07/28/2013,SouthAfrica
won,128 runs,won,1st,South Africa,Colombo (RPS),07/31/2013,SriLanka
lost,128 runs,lost,2nd,Sri Lanka,Colombo (RPS),07/31/2013,SouthAfrica
won,9 wickets,won,2nd,Zimbabwe,Bulawayo,08/01/2013,India
won,7 wickets,won,2nd,Zimbabwe,Bulawayo,08/03/2013,India
lost,7 wickets,won,1st,Zimbabwe,Harare,08/27/2013,Pakistan
won,90 runs,lost,1st,Zimbabwe,Harare,08/29/2013,Pakistan
won,108 runs,lost,1st,Zimbabwe,Harare,08/31/2013,Pakistan
won,6 wickets,won,2nd,Ireland,Dublin (Malahide),09/03/2013,England
won,200 runs,lost,1st,Scotland,Edinburgh,09/03/2013,Australia
lost,88 runs,won,2nd,Australia,Manchester,09/08/2013,England
won,88 runs,lost,1st,England,Manchester,09/08/2013,Australia
won,3 wickets,won,2nd,Australia,Cardiff,09/14/2013,England
lost,3 wickets,lost,1st,England,Cardiff,09/14/2013,Australia
lost,49 runs,lost,2nd,Australia,Southampton,09/16/2013,England
won,49 runs,won,1st,England,Southampton,09/16/2013,Australia
won,8 wickets,lost,2nd,Kenya,Sharjah,10/02/2013,Afghanistan
won,7 wickets,won,2nd,Kenya,Sharjah,10/04/2013,Afghanistan
lost,72 runs,lost,2nd,Australia,Pune,10/13/2013,India
won,72 runs,won,1st,India,Pune,10/13/2013,Australia
won,9 wickets,lost,2nd,Australia,Jaipur,10/16/2013,India
lost,9 wickets,won,1st,India,Jaipur,10/16/2013,Australia
lost,4 wickets,lost,1st,Australia,Mohali,10/19/2013,India
won,4 wickets,won,2nd,India,Mohali,10/19/2013,Australia
lost,43 runs,won,2nd,Bangladesh,Dhaka,10/29/2013,Newzealad
won,43 runs,lost,1st,New Zealand,Dhaka,10/29/2013,Bangladesh
won,6 wickets,won,2nd,Australia,Nagpur,10/30/2013,India
lost,6 wickets,lost,1st,India,Nagpur,10/30/2013,Australia
won,1 runs,won,1st,Pakistan,Sharjah,10/30/2013,SouthAfrica
lost,1 runs,lost,2nd,South Africa,Sharjah,10/30/2013,Pakistan
lost,40 runs,lost,2nd,Bangladesh,Dhaka,10/31/2013,Newzealad
won,40 runs,won,1st,New Zealand,Dhaka,10/31/2013,Bangladesh
lost,66 runs,lost,2nd,Pakistan,Dubai (DSC),11/01/2013,SouthAfrica
won,66 runs,won,1st,South Africa,Dubai (DSC),11/01/2013,Pakistan
won,57 runs,lost,1st,Australia,Bengaluru,11/02/2013,India
lost,57 runs,won,2nd,India,Bengaluru,11/02/2013,Australia
lost,4 wickets,lost,1st,Bangladesh,Fatullah,11/03/2013,Newzealad
won,4 wickets,won,2nd,New Zealand,Fatullah,11/03/2013,Bangladesh
won,68 runs,won,1st,Pakistan,Abu Dhabi,11/06/2013,SouthAfrica
lost,68 runs,lost,2nd,South Africa,Abu Dhabi,11/06/2013,Pakistan
won,28 runs,won,1st,Pakistan,Abu Dhabi,11/08/2013,SouthAfrica
lost,28 runs,lost,2nd,South Africa,Abu Dhabi,11/08/2013,Pakistan
won,117 runs,won,1st,Pakistan,Sharjah,11/11/2013,SouthAfrica
lost,117 runs,lost,2nd,South Africa,Sharjah,11/11/2013,Pakistan
lost,4 wickets,won,1st,New Zealand,Hambantota,11/12/2013,SriLanka
won,4 wickets,lost,2nd,Sri Lanka,Hambantota,11/12/2013,Newzealad
won,36 runs,lost,1st,New Zealand,Dambulla,11/16/2013,SriLanka
lost,36 runs,won,2nd,Sri Lanka,Dambulla,11/16/2013,Newzealad
lost,6 wickets,won,1st,India,Kochi,11/21/2013,WestIndies
won,6 wickets,lost,2nd,West Indies,Kochi,11/21/2013,India
won,2 wickets,won,2nd,India,Visakhapatnam,11/24/2013,WestIndies
lost,2 wickets,lost,1st,West Indies,Visakhapatnam,11/24/2013,India
lost,23 runs,lost,2nd,Pakistan,Cape Town,11/24/2013,SouthAfrica
won,23 runs,won,1st,South Africa,Cape Town,11/24/2013,Pakistan
lost,5 wickets,lost,1st,India,Kanpur,11/27/2013,WestIndies
won,5 wickets,won,2nd,West Indies,Kanpur,11/27/2013,India
lost,1 runs,won,2nd,Pakistan,Port Elizabeth,11/27/2013,SouthAfrica
won,1 runs,lost,1st,South Africa,Port Elizabeth,11/27/2013,Pakistan
won,4 wickets,won,2nd,Pakistan,Centurion,11/30/2013,SouthAfrica
lost,4 wickets,lost,1st,South Africa,Centurion,11/30/2013,Pakistan
won,141 runs,lost,1st,India,Johannesburg,12/05/2013,SouthAfrica
lost,141 runs,won,2nd,South Africa,Johannesburg,12/05/2013,India
won,134 runs,lost,1st,India,Durban,12/08/2013,SouthAfrica
lost,134 runs,won,2nd,South Africa,Durban,12/08/2013,India
lost,11 runs,lost,2nd,Pakistan,Sharjah,12/18/2013,SriLanka
won,11 runs,won,1st,Sri Lanka,Sharjah,12/18/2013,Pakistan
won,2 wickets,won,2nd,Pakistan,Dubai (DSC),12/20/2013,SriLanka
lost,2 wickets,lost,1st,Sri Lanka,Dubai (DSC),12/20/2013,Pakistan
lost,113 runs,won,2nd,Pakistan,Sharjah,12/22/2013,SriLanka
won,113 runs,lost,1st,Sri Lanka,Sharjah,12/22/2013,Pakistan
lost,8 wickets,won,1st,Pakistan,Abu Dhabi,12/25/2013,SriLanka
won,8 wickets,lost,2nd,Sri Lanka,Abu Dhabi,12/25/2013,Pakistan
won,2 wickets,won,2nd,New Zealand,Auckland,12/26/2013,WestIndies
lost,2 wickets,lost,1st,West Indies,Auckland,12/26/2013,Newzealad
won,2 wickets,lost,2nd,Pakistan,Abu Dhabi,12/27/2013,SriLanka
lost,2 wickets,won,1st,Sri Lanka,Abu Dhabi,12/27/2013,Pakistan
lost,159 runs,won,2nd,New Zealand,Queenstown,01/01/2014,WestIndies
won,159 runs,lost,1st,West Indies,Queenstown,01/01/2014,Newzealad
lost,58 runs,lost,2nd,New Zealand,Nelson,01/04/2014,WestIndies
won,58 runs,won,1st,West Indies,Nelson,01/04/2014,Newzealad
won,203 runs,lost,1st,New Zealand,Hamilton,01/08/2014,WestIndies
lost,203 runs,won,2nd,West Indies,Hamilton,01/08/2014,Newzealad
lost,6 wickets,won,1st,Australia,Melbourne,01/12/2014,England
won,6 wickets,lost,2nd,England,Melbourne,01/12/2014,Australia
lost,1 wickets,won,1st,Australia,Brisbane,01/17/2014,England
won,1 wickets,lost,2nd,England,Brisbane,01/17/2014,Australia
won,24 runs,lost,1st,India,Napier,01/19/2014,Newzealad
lost,24 runs,won,2nd,New Zealand,Napier,01/19/2014,India
lost,7 wickets,won,1st,Australia,Sydney,01/19/2014,England
won,7 wickets,lost,2nd,England,Sydney,01/19/2014,Australia
won,15 runs,lost,1st,India,Hamilton,01/22/2014,Newzealad
lost,15 runs,won,2nd,New Zealand,Hamilton,01/22/2014,India
won,57 runs,lost,1st,Australia,Perth,01/24/2014,England
lost,57 runs,won,2nd,England,Perth,01/24/2014,Australia
tied,-,lost,1st,India,Auckland,01/25/2014,Newzealad
tied,-,won,2nd,New Zealand,Auckland,01/25/2014,India
lost,5 runs,lost,2nd,Australia,Adelaide,01/26/2014,England
won,5 runs,won,1st,England,Adelaide,01/26/2014,Australia
won,7 wickets,lost,2nd,India,Hamilton,01/28/2014,Newzealad
lost,7 wickets,won,1st,New Zealand,Hamilton,01/28/2014,India
won,87 runs,lost,1st,India,Wellington,01/31/2014,Newzealad
lost,87 runs,won,2nd,New Zealand,Wellington,01/31/2014,India
won,13 runs,lost,1st,Bangladesh,Dhaka,02/17/2014,SriLanka
lost,13 runs,won,2nd,Sri Lanka,Dhaka,02/17/2014,Bangladesh
won,61 runs,won,1st,Bangladesh,Dhaka,02/20/2014,SriLanka
lost,61 runs,lost,2nd,Sri Lanka,Dhaka,02/20/2014,Bangladesh
won,6 wickets,won,2nd,Bangladesh,Dhaka,02/22/2014,SriLanka
lost,6 wickets,lost,1st,Sri Lanka,Dhaka,02/22/2014,Bangladesh
won,4 wickets,lost,2nd,Ireland,Kingston,02/23/2014,WestIndies
won,12 runs,won,1st,Pakistan,Fatullah,02/25/2014,SriLanka
lost,12 runs,lost,2nd,Sri Lanka,Fatullah,02/25/2014,Pakistan
won,6 wickets,won,2nd,Bangladesh,Fatullah,02/26/2014,India
lost,6 wickets,lost,1st,India,Fatullah,02/26/2014,Bangladesh
won,72 runs,lost,1st,Afghanistan,Fatullah,02/27/2014,Pakistan
lost,72 runs,won,2nd,Pakistan,Fatullah,02/27/2014,Afghanistan
won,2 wickets,won,2nd,India,Fatullah,02/28/2014,SriLanka
lost,2 wickets,lost,1st,Sri Lanka,Fatullah,02/28/2014,India
won,15 runs,lost,1st,England,North Sound,02/28/2014,WestIndies
lost,15 runs,won,2nd,West Indies,North Sound,02/28/2014,England
lost,32 runs,won,2nd,Afghanistan,Fatullah,03/01/2014,Bangladesh
won,32 runs,lost,1st,Bangladesh,Fatullah,03/01/2014,Afghanistan
won,1 wickets,won,2nd,India,Dhaka,03/02/2014,Pakistan
lost,1 wickets,lost,1st,Pakistan,Dhaka,03/02/2014,India
lost,3 wickets,lost,1st,England,North Sound,03/02/2014,WestIndies
won,3 wickets,won,2nd,West Indies,North Sound,03/02/2014,England
won,129 runs,won,1st,Afghanistan,Dhaka,03/03/2014,SriLanka
lost,129 runs,lost,2nd,Sri Lanka,Dhaka,03/03/2014,Afghanistan
won,3 wickets,lost,2nd,Bangladesh,Dhaka,03/04/2014,Pakistan
lost,3 wickets,won,1st,Pakistan,Dhaka,03/04/2014,Bangladesh
won,8 wickets,won,2nd,Afghanistan,Dhaka,03/05/2014,India
lost,8 wickets,lost,1st,India,Dhaka,03/05/2014,Afghanistan
lost,25 runs,won,2nd,England,North Sound,03/05/2014,WestIndies
won,25 runs,lost,1st,West Indies,North Sound,03/05/2014,England
won,3 wickets,lost,2nd,Bangladesh,Dhaka,03/06/2014,SriLanka
lost,3 wickets,won,1st,Sri Lanka,Dhaka,03/06/2014,Bangladesh
won,5 wickets,lost,2nd,Pakistan,Dhaka,03/08/2014,SriLanka
lost,5 wickets,won,1st,Sri Lanka,Dhaka,03/08/2014,Pakistan
won,6 wickets,won,2nd,Hong Kong,Kuala Lumpur,05/01/2014,Afghanistan
won,70 runs,lost,1st,U.A.E.,Kuala Lumpur,05/02/2014,Afghanistan
won,79 runs,lost,1st,Ireland,Dublin,05/06/2014,SriLanka
won,39 runs,lost,1st,Scotland,Aberdeen,05/09/2014,England
lost,81 runs,won,2nd,England,The Oval,05/22/2014,SriLanka
won,81 runs,lost,1st,Sri Lanka,The Oval,05/22/2014,England
won,157 runs,lost,1st,England,Chester-le-Street,05/25/2014,SriLanka
lost,157 runs,won,2nd,Sri Lanka,Chester-le-Street,05/25/2014,England
lost,10 wickets,lost,1st,England,Manchester,05/28/2014,SriLanka
won,10 wickets,won,2nd,Sri Lanka,Manchester,05/28/2014,England
won,7 runs,lost,1st,England,Lord's,05/31/2014,SriLanka
lost,7 runs,won,2nd,Sri Lanka,Lord's,05/31/2014,England
won,6 wickets,lost,2nd,England,Birmingham,06/03/2014,SriLanka
lost,6 wickets,won,1st,Sri Lanka,Birmingham,06/03/2014,England
won,7 wickets,lost,2nd,Bangladesh,Dhaka,06/15/2014,India
lost,7 wickets,won,1st,India,Dhaka,06/15/2014,Bangladesh
won,47 runs,lost,1st,Bangladesh,Dhaka,06/17/2014,India
lost,47 runs,won,2nd,India,Dhaka,06/17/2014,Bangladesh
lost,75 runs,lost,2nd,South Africa,Colombo (RPS),07/06/2014,SriLanka
won,75 runs,won,1st,Sri Lanka,Colombo (RPS),07/06/2014,SouthAfrica
won,87 runs,won,1st,South Africa,Pallekele,07/09/2014,SriLanka
lost,87 runs,lost,2nd,Sri Lanka,Pallekele,07/09/2014,SouthAfrica
lost,82 runs,lost,2nd,South Africa,Hambantota,07/12/2014,SriLanka
won,82 runs,won,1st,Sri Lanka,Hambantota,07/12/2014,SouthAfrica
lost,6 wickets,lost,1st,Zimbabwe,Bulawayo,07/18/2014,Afghanistan
lost,8 wickets,lost,1st,Zimbabwe,Bulawayo,07/20/2014,Afghanistan
won,2 wickets,won,2nd,Zimbabwe,Bulawayo,07/22/2014,Afghanistan
won,100 runs,lost,1st,Zimbabwe,Bulawayo,07/24/2014,Afghanistan
won,93 runs,lost,1st,Zimbabwe,Bulawayo,08/17/2014,SouthAfrica
won,61 runs,lost,1st,Zimbabwe,Bulawayo,08/19/2014,SouthAfrica
won,3 wickets,won,2nd,Bangladesh,St George's,08/20/2014,WestIndies
lost,3 wickets,lost,1st,West Indies,St George's,08/20/2014,Bangladesh
won,7 wickets,won,2nd,Zimbabwe,Bulawayo,08/21/2014,SouthAfrica
won,177 runs,lost,1st,Bangladesh,St George's,08/22/2014,WestIndies
lost,177 runs,won,2nd,West Indies,St George's,08/22/2014,Bangladesh
lost,4 wickets,lost,1st,Pakistan,Hambantota,08/23/2014,SriLanka
won,4 wickets,won,2nd,Sri Lanka,Hambantota,08/23/2014,Pakistan
won,198 runs,lost,1st,Zimbabwe,Harare,08/25/2014,Australia
won,91 runs,won,1st,Bangladesh,Basseterre,08/25/2014,WestIndies
lost,91 runs,lost,2nd,West Indies,Basseterre,08/25/2014,Bangladesh
won,77 runs,won,1st,Pakistan,Hambantota,08/26/2014,SriLanka
lost,77 runs,lost,2nd,Sri Lanka,Hambantota,08/26/2014,Pakistan
won,7 wickets,won,2nd,Australia,Harare,08/27/2014,SouthAfrica
lost,7 wickets,lost,1st,South Africa,Harare,08/27/2014,Australia
won,133 runs,lost,1st,England,Cardiff,08/27/2014,India
lost,133 runs,won,2nd,India,Cardiff,08/27/2014,England
won,61 runs,lost,1st,Zimbabwe,Harare,08/29/2014,SouthAfrica
won,7 wickets,lost,2nd,Pakistan,Dambulla,08/30/2014,SriLanka
lost,7 wickets,won,1st,Sri Lanka,Dambulla,08/30/2014,Pakistan
won,6 wickets,won,2nd,England,Nottingham,08/30/2014,India
lost,6 wickets,lost,1st,India,Nottingham,08/30/2014,England
lost,3 wickets,won,1st,Zimbabwe,Harare,08/31/2014,Australia
lost,62 runs,won,2nd,Australia,Harare,09/02/2014,SouthAfrica
won,62 runs,lost,1st,South Africa,Harare,09/02/2014,Australia
won,9 wickets,won,2nd,England,Birmingham,09/02/2014,India
lost,9 wickets,lost,1st,India,Birmingham,09/02/2014,England
won,63 runs,lost,1st,Zimbabwe,Harare,09/04/2014,SouthAfrica
lost,41 runs,won,2nd,England,Leeds,09/05/2014,India
won,41 runs,lost,1st,India,Leeds,09/05/2014,England
won,6 wickets,won,2nd,Australia,Harare,09/06/2014,SouthAfrica
lost,6 wickets,lost,1st,South Africa,Harare,09/06/2014,Australia
lost,93 runs,lost,2nd,Australia,Sharjah,10/07/2014,Pakistan
won,93 runs,won,1st,Pakistan,Sharjah,10/07/2014,Australia
won,124 runs,lost,1st,India,Kochi,10/08/2014,WestIndies
lost,124 runs,won,2nd,West Indies,Kochi,10/08/2014,India
lost,5 wickets,won,1st,Australia,Dubai (DSC),10/10/2014,Pakistan
won,5 wickets,lost,2nd,Pakistan,Dubai (DSC),10/10/2014,Australia
lost,48 runs,lost,2nd,India,Delhi,10/11/2014,WestIndies
won,48 runs,won,1st,West Indies,Delhi,10/11/2014,India
lost,1 runs,lost,2nd,Australia,Abu Dhabi,10/12/2014,Pakistan
won,1 runs,won,1st,Pakistan,Abu Dhabi,10/12/2014,Australia
lost,59 runs,won,2nd,India,Dharamsala,10/17/2014,WestIndies
won,59 runs,lost,1st,West Indies,Dharamsala,10/17/2014,India
won,6 wickets,won,2nd,New Zealand,Mount Maunganui,10/21/2014,SouthAfrica
lost,6 wickets,lost,1st,South Africa,Mount Maunganui,10/21/2014,Newzealad
won,72 runs,lost,1st,New Zealand,Mount Maunganui,10/24/2014,SouthAfrica
lost,72 runs,won,2nd,South Africa,Mount Maunganui,10/24/2014,Newzealad
lost,169 runs,won,2nd,India,Cuttack,11/02/2014,SriLanka
won,169 runs,lost,1st,Sri Lanka,Cuttack,11/02/2014,India
lost,6 wickets,won,1st,India,Ahmedabad,11/06/2014,SriLanka
won,6 wickets,lost,2nd,Sri Lanka,Ahmedabad,11/06/2014,India
lost,6 wickets,won,1st,India,Hyderabad (Deccan),11/09/2014,SriLanka
won,6 wickets,lost,2nd,Sri Lanka,Hyderabad (Deccan),11/09/2014,India
lost,153 runs,lost,2nd,India,Kolkata,11/13/2014,SriLanka
won,153 runs,won,1st,Sri Lanka,Kolkata,11/13/2014,India
lost,32 runs,won,2nd,Australia,Perth,11/14/2014,SouthAfrica
won,32 runs,lost,1st,South Africa,Perth,11/14/2014,Australia
won,3 wickets,lost,2nd,Australia,Perth,11/16/2014,SouthAfrica
lost,3 wickets,won,1st,South Africa,Perth,11/16/2014,Australia
lost,3 wickets,won,1st,India,Ranchi,11/16/2014,SriLanka
won,3 wickets,lost,2nd,Sri Lanka,Ranchi,11/16/2014,India
lost,73 runs,lost,2nd,Australia,Canberra,11/19/2014,SouthAfrica
won,73 runs,won,1st,South Africa,Canberra,11/19/2014,Australia
lost,3 wickets,won,1st,Australia,Melbourne,11/21/2014,SouthAfrica
won,3 wickets,lost,2nd,South Africa,Melbourne,11/21/2014,Australia
won,87 runs,lost,1st,Zimbabwe,Chattogram,11/21/2014,Bangladesh
lost,2 wickets,won,1st,Australia,Sydney,11/23/2014,SouthAfrica
won,2 wickets,lost,2nd,South Africa,Sydney,11/23/2014,Australia
won,68 runs,won,1st,Zimbabwe,Chattogram,11/23/2014,Bangladesh
won,124 runs,lost,1st,Zimbabwe,Dhaka,11/26/2014,Bangladesh
won,25 runs,lost,1st,England,Colombo (RPS),11/26/2014,SriLanka
lost,25 runs,won,2nd,Sri Lanka,Colombo (RPS),11/26/2014,England
won,21 runs,won,1st,Zimbabwe,Dhaka,11/28/2014,Bangladesh
lost,5 wickets,won,1st,U.A.E.,ICCA Dubai,11/28/2014,Afghanistan
won,8 wickets,lost,2nd,England,Colombo (RPS),11/29/2014,SriLanka
lost,8 wickets,won,1st,Sri Lanka,Colombo (RPS),11/29/2014,England
lost,6 wickets,lost,1st,U.A.E.,ICCA Dubai,11/30/2014,Afghanistan
won,5 wickets,lost,2nd,Zimbabwe,Dhaka,12/01/2014,Bangladesh
won,2 wickets,won,2nd,U.A.E.,ICCA Dubai,12/02/2014,Afghanistan
lost,5 wickets,won,1st,England,Hambantota,12/03/2014,SriLanka
won,5 wickets,lost,2nd,Sri Lanka,Hambantota,12/03/2014,England
lost,30 runs,won,2nd,U.A.E.,ICCA Dubai,12/04/2014,Afghanistan
won,6 wickets,lost,2nd,England,Colombo (RPS),12/07/2014,SriLanka
lost,6 wickets,won,1st,Sri Lanka,Colombo (RPS),12/07/2014,England
won,3 wickets,won,2nd,New Zealand,Dubai (DSC),12/08/2014,Pakistan
lost,3 wickets,lost,1st,Pakistan,Dubai (DSC),12/08/2014,Newzealad
lost,5 wickets,lost,1st,England,Pallekele,12/10/2014,SriLanka
won,5 wickets,won,2nd,Sri Lanka,Pallekele,12/10/2014,England
lost,4 wickets,won,1st,New Zealand,Sharjah,12/12/2014,Pakistan
won,4 wickets,lost,2nd,Pakistan,Sharjah,12/12/2014,Newzealad
won,90 runs,won,1st,England,Pallekele,12/13/2014,SriLanka
lost,90 runs,lost,2nd,Sri Lanka,Pallekele,12/13/2014,England
won,147 runs,won,1st,New Zealand,Sharjah,12/14/2014,Pakistan
lost,147 runs,lost,2nd,Pakistan,Sharjah,12/14/2014,Newzealad
won,87 runs,won,1st,England,Colombo (RPS),12/16/2014,SriLanka
lost,87 runs,lost,2nd,Sri Lanka,Colombo (RPS),12/16/2014,England
lost,7 runs,lost,2nd,New Zealand,Abu Dhabi,12/17/2014,Pakistan
won,7 runs,won,1st,Pakistan,Abu Dhabi,12/17/2014,Newzealad
lost,68 runs,lost,2nd,New Zealand,Abu Dhabi,12/19/2014,Pakistan
won,68 runs,won,1st,Pakistan,Abu Dhabi,12/19/2014,Newzealad
won,8 wickets,won,2nd,Scotland,ICCA Dubai,01/08/2015,Afghanistan
lost,3 wickets,lost,1st,Ireland,Dubai (DSC),01/10/2015,Afghanistan
lost,3 wickets,won,1st,New Zealand,Christchurch,01/11/2015,SriLanka
won,3 wickets,lost,2nd,Sri Lanka,Christchurch,01/11/2015,Newzealad
lost,150 runs,lost,2nd,Scotland,Abu Dhabi,01/14/2015,Afghanistan
won,6 wickets,lost,2nd,New Zealand,Hamilton,01/15/2015,SriLanka
lost,6 wickets,won,1st,Sri Lanka,Hamilton,01/15/2015,Newzealad
lost,3 wickets,won,1st,Australia,Sydney,01/16/2015,England
won,3 wickets,lost,2nd,England,Sydney,01/16/2015,Australia
lost,61 runs,lost,2nd,South Africa,Durban,01/16/2015,WestIndies
won,61 runs,won,1st,West Indies,Durban,01/16/2015,SouthAfrica
won,71 runs,lost,1st,Ireland,Dubai (DSC),01/17/2015,Afghanistan
lost,4 wickets,won,1st,Australia,Melbourne,01/18/2015,India
won,4 wickets,lost,2nd,India,Melbourne,01/18/2015,Australia
lost,148 runs,won,2nd,South Africa,Johannesburg,01/18/2015,WestIndies
won,148 runs,lost,1st,West Indies,Johannesburg,01/18/2015,SouthAfrica
lost,4 wickets,won,1st,New Zealand,Nelson,01/20/2015,SriLanka
won,4 wickets,lost,2nd,Sri Lanka,Nelson,01/20/2015,Newzealad
lost,9 wickets,won,1st,England,Brisbane,01/20/2015,India
won,9 wickets,lost,2nd,India,Brisbane,01/20/2015,England
lost,9 wickets,won,1st,South Africa,East London,01/21/2015,WestIndies
won,9 wickets,lost,2nd,West Indies,East London,01/21/2015,SouthAfrica
lost,108 runs,won,2nd,New Zealand,Dunedin,01/23/2015,SriLanka
won,108 runs,lost,1st,Sri Lanka,Dunedin,01/23/2015,Newzealad
lost,3 wickets,lost,1st,Australia,Hobart,01/23/2015,England
won,3 wickets,won,2nd,England,Hobart,01/23/2015,Australia
lost,120 runs,lost,2nd,New Zealand,Dunedin,01/25/2015,SriLanka
won,120 runs,won,1st,Sri Lanka,Dunedin,01/25/2015,Newzealad
won,1 wickets,won,2nd,South Africa,Port Elizabeth,01/25/2015,WestIndies
lost,1 wickets,lost,1st,West Indies,Port Elizabeth,01/25/2015,SouthAfrica
lost,131 runs,won,2nd,South Africa,Centurion,01/28/2015,WestIndies
won,131 runs,lost,1st,West Indies,Centurion,01/28/2015,SouthAfrica
won,34 runs,won,1st,New Zealand,Wellington,01/29/2015,SriLanka
lost,34 runs,lost,2nd,Sri Lanka,Wellington,01/29/2015,Newzealad
lost,3 wickets,lost,1st,England,Perth,01/30/2015,India
won,3 wickets,won,2nd,India,Perth,01/30/2015,England
lost,7 wickets,lost,1st,New Zealand,Wellington,01/31/2015,Pakistan
won,7 wickets,won,2nd,Pakistan,Wellington,01/31/2015,Newzealad
lost,112 runs,won,2nd,Australia,Perth,02/01/2015,England
won,112 runs,lost,1st,England,Perth,02/01/2015,Australia
lost,119 runs,lost,2nd,New Zealand,Napier,02/03/2015,Pakistan
won,119 runs,won,1st,Pakistan,Napier,02/03/2015,Newzealad
lost,98 runs,won,2nd,New Zealand,Christchurch,02/14/2015,SriLanka
won,98 runs,lost,1st,Sri Lanka,Christchurch,02/14/2015,Newzealad
lost,111 runs,won,2nd,Australia,Melbourne,02/14/2015,England
won,111 runs,lost,1st,England,Melbourne,02/14/2015,Australia
won,62 runs,lost,1st,Zimbabwe,Hamilton,02/15/2015,SouthAfrica
lost,76 runs,lost,2nd,India,Adelaide,02/15/2015,Pakistan
won,76 runs,won,1st,Pakistan,Adelaide,02/15/2015,India
lost,4 wickets,lost,1st,Ireland,Nelson,02/16/2015,WestIndies
won,3 wickets,won,2nd,Scotland,Dunedin,02/17/2015,Newzealad
won,105 runs,won,1st,Afghanistan,Canberra,02/18/2015,Bangladesh
lost,105 runs,lost,2nd,Bangladesh,Canberra,02/18/2015,Afghanistan
won,8 wickets,lost,2nd,England,Wellington,02/20/2015,Newzealad
lost,8 wickets,won,1st,New Zealand,Wellington,02/20/2015,England
won,150 runs,lost,1st,Pakistan,Christchurch,02/21/2015,WestIndies
lost,150 runs,won,2nd,West Indies,Christchurch,02/21/2015,Pakistan
won,4 wickets,won,2nd,Afghanistan,Dunedin,02/22/2015,SriLanka
lost,4 wickets,lost,1st,Sri Lanka,Dunedin,02/22/2015,Afghanistan
lost,130 runs,lost,2nd,India,Melbourne,02/22/2015,SouthAfrica
won,130 runs,won,1st,South Africa,Melbourne,02/22/2015,India
won,119 runs,lost,1st,Scotland,Christchurch,02/23/2015,England
won,73 runs,won,1st,Zimbabwe,Canberra,02/24/2015,WestIndies
won,1 wickets,won,2nd,Scotland,Dunedin,02/26/2015,Afghanistan
won,92 runs,won,1st,Bangladesh,Melbourne,02/26/2015,SriLanka
lost,92 runs,lost,2nd,Sri Lanka,Melbourne,02/26/2015,Bangladesh
lost,257 runs,lost,2nd,South Africa,Sydney,02/27/2015,WestIndies
won,257 runs,won,1st,West Indies,Sydney,02/27/2015,SouthAfrica
won,1 wickets,lost,2nd,Australia,Auckland,02/28/2015,Newzealad
lost,1 wickets,won,1st,New Zealand,Auckland,02/28/2015,Australia
won,9 wickets,lost,2nd,U.A.E.,Perth,02/28/2015,India
won,9 wickets,lost,2nd,England,Wellington,03/01/2015,SriLanka
lost,9 wickets,won,1st,Sri Lanka,Wellington,03/01/2015,England
won,20 runs,won,1st,Zimbabwe,Brisbane,03/01/2015,Pakistan
won,201 runs,won,1st,Ireland,Canberra,03/03/2015,SouthAfrica
won,129 runs,lost,1st,U.A.E.,Napier,03/04/2015,Pakistan
won,275 runs,lost,1st,Afghanistan,Perth,03/04/2015,Australia
lost,275 runs,won,2nd,Australia,Perth,03/04/2015,Afghanistan
won,6 wickets,won,2nd,Scotland,Nelson,03/05/2015,Bangladesh
lost,4 wickets,won,1st,India,Perth,03/06/2015,WestIndies
won,4 wickets,lost,2nd,West Indies,Perth,03/06/2015,India
lost,29 runs,won,2nd,Pakistan,Auckland,03/07/2015,SouthAfrica
won,29 runs,lost,1st,South Africa,Auckland,03/07/2015,Pakistan
won,6 wickets,lost,2nd,Afghanistan,Napier,03/08/2015,Newzealad
lost,6 wickets,won,1st,New Zealand,Napier,03/08/2015,Afghanistan
lost,64 runs,lost,2nd,Australia,Sydney,03/08/2015,SriLanka
won,64 runs,won,1st,Sri Lanka,Sydney,03/08/2015,Australia
lost,15 runs,won,2nd,Bangladesh,Adelaide,03/09/2015,England
won,15 runs,lost,1st,England,Adelaide,03/09/2015,Bangladesh
won,8 wickets,lost,2nd,Ireland,Hamilton,03/10/2015,India
won,148 runs,won,1st,Scotland,Hobart,03/11/2015,SriLanka
won,146 runs,lost,1st,U.A.E.,Wellington,03/12/2015,SouthAfrica
won,3 wickets,won,2nd,Bangladesh,Hamilton,03/13/2015,Newzealad
lost,3 wickets,lost,1st,New Zealand,Hamilton,03/13/2015,Bangladesh
won,9 wickets,won,2nd,Afghanistan,Sydney,03/13/2015,England
lost,9 wickets,lost,1st,England,Sydney,03/13/2015,Afghanistan
won,6 wickets,won,2nd,Zimbabwe,Auckland,03/14/2015,India
won,7 wickets,won,2nd,Scotland,Hobart,03/14/2015,Australia
won,6 wickets,won,2nd,U.A.E.,Napier,03/15/2015,WestIndies
won,7 wickets,lost,2nd,Ireland,Adelaide,03/15/2015,Pakistan
lost,9 wickets,won,1st,South Africa,Sydney,03/18/2015,SriLanka
won,9 wickets,lost,2nd,Sri Lanka,Sydney,03/18/2015,SouthAfrica
won,109 runs,won,1st,Bangladesh,Melbourne,03/19/2015,India
lost,109 runs,lost,2nd,India,Melbourne,03/19/2015,Bangladesh
lost,6 wickets,won,1st,Australia,Adelaide,03/20/2015,Pakistan
won,6 wickets,lost,2nd,Pakistan,Adelaide,03/20/2015,Australia
lost,143 runs,lost,2nd,New Zealand,Wellington,03/21/2015,WestIndies
won,143 runs,won,1st,West Indies,Wellington,03/21/2015,Newzealad
lost,4 wickets,won,1st,New Zealand,Auckland,03/24/2015,SouthAfrica
won,4 wickets,lost,2nd,South Africa,Auckland,03/24/2015,Newzealad
lost,95 runs,lost,2nd,Australia,Sydney,03/26/2015,India
won,95 runs,won,1st,India,Sydney,03/26/2015,Australia
lost,7 wickets,won,1st,Australia,Melbourne,03/29/2015,Newzealad
won,7 wickets,lost,2nd,New Zealand,Melbourne,03/29/2015,Australia
lost,79 runs,lost,2nd,Bangladesh,Dhaka,04/17/2015,Pakistan
won,79 runs,won,1st,Pakistan,Dhaka,04/17/2015,Bangladesh
lost,7 wickets,won,1st,Bangladesh,Dhaka,04/19/2015,Pakistan
won,7 wickets,lost,2nd,Pakistan,Dhaka,04/19/2015,Bangladesh
lost,8 wickets,won,1st,Bangladesh,Dhaka,04/22/2015,Pakistan
won,8 wickets,lost,2nd,Pakistan,Dhaka,04/22/2015,Bangladesh
won,41 runs,won,1st,Zimbabwe,Lahore,05/26/2015,Pakistan
won,6 wickets,won,2nd,Zimbabwe,Lahore,05/29/2015,Pakistan
lost,210 runs,won,2nd,England,Birmingham,06/09/2015,Newzealad
won,210 runs,lost,1st,New Zealand,Birmingham,06/09/2015,England
won,13 runs,won,1st,England,The Oval,06/12/2015,Newzealad
lost,13 runs,lost,2nd,New Zealand,The Oval,06/12/2015,England
won,3 wickets,lost,2nd,England,Southampton,06/14/2015,Newzealad
lost,3 wickets,won,1st,New Zealand,Southampton,06/14/2015,England
lost,7 wickets,won,1st,England,Nottingham,06/17/2015,Newzealad
won,7 wickets,lost,2nd,New Zealand,Nottingham,06/17/2015,England
lost,79 runs,lost,2nd,Bangladesh,Dhaka,06/18/2015,India
won,79 runs,won,1st,India,Dhaka,06/18/2015,Bangladesh
lost,3 wickets,lost,1st,England,Chester-le-Street,06/20/2015,Newzealad
won,3 wickets,won,2nd,New Zealand,Chester-le-Street,06/20/2015,England
lost,6 wickets,won,1st,Bangladesh,Dhaka,06/21/2015,India
won,6 wickets,lost,2nd,India,Dhaka,06/21/2015,Bangladesh
won,77 runs,lost,1st,Bangladesh,Dhaka,06/24/2015,India
lost,77 runs,won,2nd,India,Dhaka,06/24/2015,Bangladesh
won,4 runs,lost,1st,Zimbabwe,Harare,07/10/2015,India
won,8 wickets,lost,2nd,Bangladesh,Dhaka,07/10/2015,SouthAfrica
lost,8 wickets,won,1st,South Africa,Dhaka,07/10/2015,Bangladesh
lost,6 wickets,lost,1st,Pakistan,Dambulla,07/11/2015,SriLanka
won,6 wickets,won,2nd,Sri Lanka,Dambulla,07/11/2015,Pakistan
won,62 runs,lost,1st,Zimbabwe,Harare,07/12/2015,India
lost,7 wickets,won,1st,Bangladesh,Dhaka,07/12/2015,SouthAfrica
won,7 wickets,lost,2nd,South Africa,Dhaka,07/12/2015,Bangladesh
won,83 runs,lost,1st,Zimbabwe,Harare,07/14/2015,India
lost,9 wickets,won,1st,Bangladesh,Chattogram,07/15/2015,SouthAfrica
won,9 wickets,lost,2nd,South Africa,Chattogram,07/15/2015,Bangladesh
won,2 wickets,lost,2nd,Pakistan,Pallekele,07/15/2015,SriLanka
lost,2 wickets,won,1st,Sri Lanka,Pallekele,07/15/2015,Pakistan
lost,135 runs,lost,2nd,Pakistan,Colombo (RPS),07/19/2015,SriLanka
won,135 runs,won,1st,Sri Lanka,Colombo (RPS),07/19/2015,Pakistan
lost,7 wickets,won,1st,Pakistan,Colombo (RPS),07/22/2015,SriLanka
won,7 wickets,lost,2nd,Sri Lanka,Colombo (RPS),07/22/2015,Pakistan
won,165 runs,won,1st,Pakistan,Hambantota,07/26/2015,SriLanka
lost,165 runs,lost,2nd,Sri Lanka,Hambantota,07/26/2015,Pakistan
lost,7 wickets,lost,1st,Zimbabwe,Harare,08/02/2015,Newzealad
won,10 wickets,lost,2nd,Zimbabwe,Harare,08/04/2015,Newzealad
won,38 runs,lost,1st,Zimbabwe,Harare,08/07/2015,Newzealad
won,20 runs,lost,1st,New Zealand,Centurion,08/19/2015,SouthAfrica
lost,20 runs,won,2nd,South Africa,Centurion,08/19/2015,Newzealad
lost,8 wickets,won,1st,New Zealand,Potchefstroom,08/23/2015,SouthAfrica
won,8 wickets,lost,2nd,South Africa,Potchefstroom,08/23/2015,Newzealad
won,62 runs,won,1st,New Zealand,Durban,08/26/2015,SouthAfrica
lost,62 runs,lost,2nd,South Africa,Durban,08/26/2015,Newzealad
won,23 runs,won,1st,Ireland,Belfast,08/27/2015,Australia
lost,59 runs,lost,2nd,Australia,Southampton,09/03/2015,England
won,59 runs,won,1st,England,Southampton,09/03/2015,Australia
lost,64 runs,won,2nd,Australia,Lord's,09/05/2015,England
won,64 runs,lost,1st,England,Lord's,09/05/2015,Australia
won,93 runs,won,1st,Australia,Manchester,09/08/2015,England
lost,93 runs,lost,2nd,England,Manchester,09/08/2015,Australia
won,3 wickets,lost,2nd,Australia,Leeds,09/11/2015,England
lost,3 wickets,won,1st,England,Leeds,09/11/2015,Australia
lost,8 wickets,won,1st,Australia,Manchester,09/13/2015,England
won,8 wickets,lost,2nd,England,Manchester,09/13/2015,Australia
won,131 runs,lost,1st,Zimbabwe,Harare,10/01/2015,Pakistan
lost,5 runs,won,2nd,Zimbabwe,Harare,10/03/2015,Pakistan
won,7 wickets,won,2nd,Zimbabwe,Harare,10/05/2015,Pakistan
won,5 runs,won,1st,India,Kanpur,10/11/2015,SouthAfrica
lost,5 runs,lost,2nd,South Africa,Kanpur,10/11/2015,India
lost,22 runs,lost,2nd,India,Indore,10/14/2015,SouthAfrica
won,22 runs,won,1st,South Africa,Indore,10/14/2015,India
lost,8 wickets,won,1st,Zimbabwe,Bulawayo,10/16/2015,Afghanistan
won,58 runs,won,1st,Zimbabwe,Bulawayo,10/18/2015,Afghanistan
won,18 runs,won,1st,India,Rajkot,10/18/2015,SouthAfrica
lost,18 runs,lost,2nd,South Africa,Rajkot,10/18/2015,India
lost,6 wickets,won,1st,Zimbabwe,Bulawayo,10/20/2015,Afghanistan
won,3 wickets,lost,2nd,Zimbabwe,Bulawayo,10/22/2015,Afghanistan
lost,35 runs,lost,2nd,India,Chennai,10/22/2015,SouthAfrica
won,35 runs,won,1st,South Africa,Chennai,10/22/2015,India
won,73 runs,lost,1st,Zimbabwe,Bulawayo,10/24/2015,Afghanistan
won,214 runs,won,1st,India,Mumbai,10/25/2015,SouthAfrica
lost,214 runs,lost,2nd,South Africa,Mumbai,10/25/2015,India
lost,1 wickets,lost,1st,Sri Lanka,Colombo (RPS),11/01/2015,WestIndies
won,1 wickets,won,2nd,West Indies,Colombo (RPS),11/01/2015,SriLanka
lost,8 wickets,won,1st,Sri Lanka,Colombo (RPS),11/04/2015,WestIndies
won,8 wickets,lost,2nd,West Indies,Colombo (RPS),11/04/2015,SriLanka
won,145 runs,lost,1st,Zimbabwe,Dhaka,11/07/2015,Bangladesh
lost,19 runs,lost,1st,Sri Lanka,Pallekele,11/07/2015,WestIndies
won,19 runs,won,2nd,West Indies,Pallekele,11/07/2015,SriLanka
won,58 runs,lost,1st,Zimbabwe,Dhaka,11/09/2015,Bangladesh
won,61 runs,won,1st,Zimbabwe,Dhaka,11/11/2015,Bangladesh
won,6 wickets,lost,2nd,England,Abu Dhabi,11/11/2015,Pakistan
lost,6 wickets,won,1st,Pakistan,Abu Dhabi,11/11/2015,England
lost,95 runs,lost,2nd,England,Abu Dhabi,11/13/2015,Pakistan
won,95 runs,won,1st,Pakistan,Abu Dhabi,11/13/2015,England
lost,6 wickets,won,1st,England,Sharjah,11/17/2015,Pakistan
won,6 wickets,lost,2nd,Pakistan,Sharjah,11/17/2015,England
lost,84 runs,lost,2nd,England,Dubai (DSC),11/20/2015,Pakistan
won,84 runs,won,1st,Pakistan,Dubai (DSC),11/20/2015,England
won,49 runs,won,1st,Zimbabwe,Sharjah,12/25/2015,Afghanistan
lost,7 wickets,won,1st,New Zealand,Christchurch,12/26/2015,SriLanka
won,7 wickets,lost,2nd,Sri Lanka,Christchurch,12/26/2015,Newzealad
lost,10 wickets,won,1st,New Zealand,Christchurch,12/28/2015,SriLanka
won,10 wickets,lost,2nd,Sri Lanka,Christchurch,12/28/2015,Newzealad
won,4 wickets,lost,2nd,Zimbabwe,Sharjah,12/29/2015,Afghanistan
won,8 wickets,lost,2nd,New Zealand,Nelson,12/31/2015,SriLanka
lost,8 wickets,won,1st,Sri Lanka,Nelson,12/31/2015,Newzealad
lost,117 runs,lost,2nd,Zimbabwe,Sharjah,01/02/2016,Afghanistan
lost,65 runs,lost,2nd,Zimbabwe,Sharjah,01/04/2016,Afghanistan
lost,36 runs,won,2nd,New Zealand,Mount Maunganui,01/05/2016,SriLanka
won,36 runs,lost,1st,Sri Lanka,Mount Maunganui,01/05/2016,Newzealad
won,2 wickets,lost,2nd,Zimbabwe,Sharjah,01/06/2016,Afghanistan
lost,5 wickets,won,1st,Australia,Perth,01/12/2016,India
won,5 wickets,lost,2nd,India,Perth,01/12/2016,Australia
lost,7 wickets,won,1st,Australia,Brisbane,01/15/2016,India
won,7 wickets,lost,2nd,India,Brisbane,01/15/2016,Australia
lost,3 wickets,lost,1st,Australia,Melbourne,01/17/2016,India
won,3 wickets,won,2nd,India,Melbourne,01/17/2016,Australia
lost,25 runs,lost,2nd,Australia,Canberra,01/20/2016,India
won,25 runs,won,1st,India,Canberra,01/20/2016,Australia
won,6 wickets,won,2nd,Australia,Sydney,01/23/2016,India
lost,6 wickets,lost,1st,India,Sydney,01/23/2016,Australia
lost,70 runs,won,2nd,New Zealand,Wellington,01/25/2016,Pakistan
won,70 runs,lost,1st,Pakistan,Wellington,01/25/2016,Newzealad
lost,3 wickets,won,1st,New Zealand,Auckland,01/31/2016,Pakistan
won,3 wickets,lost,2nd,Pakistan,Auckland,01/31/2016,Newzealad
won,159 runs,lost,1st,Australia,Auckland,02/03/2016,Newzealad
lost,159 runs,won,2nd,New Zealand,Auckland,02/03/2016,Australia
lost,39 runs,lost,2nd,England,Bloemfontein,02/03/2016,SouthAfrica
won,39 runs,won,1st,South Africa,Bloemfontein,02/03/2016,England
lost,4 wickets,won,1st,Australia,Wellington,02/06/2016,Newzealad
won,4 wickets,lost,2nd,New Zealand,Wellington,02/06/2016,Australia
lost,5 wickets,won,1st,England,Port Elizabeth,02/06/2016,SouthAfrica
won,5 wickets,lost,2nd,South Africa,Port Elizabeth,02/06/2016,England
won,55 runs,lost,1st,Australia,Hamilton,02/08/2016,Newzealad
lost,55 runs,won,2nd,New Zealand,Hamilton,02/08/2016,Australia
won,7 wickets,lost,2nd,England,Centurion,02/09/2016,SouthAfrica
lost,7 wickets,won,1st,South Africa,Centurion,02/09/2016,England
won,1 wickets,won,2nd,England,Johannesburg,02/12/2016,SouthAfrica
lost,1 wickets,lost,1st,South Africa,Johannesburg,02/12/2016,England
won,5 wickets,won,2nd,England,Cape Town,02/14/2016,SouthAfrica
lost,5 wickets,lost,1st,South Africa,Cape Town,02/14/2016,England
won,4 wickets,lost,2nd,South Africa,Providence,06/03/2016,WestIndies
lost,4 wickets,won,1st,West Indies,Providence,06/03/2016,SouthAfrica
lost,6 wickets,lost,1st,Australia,Providence,06/05/2016,WestIndies
won,6 wickets,won,2nd,West Indies,Providence,06/05/2016,Australia
won,47 runs,won,1st,Australia,Providence,06/07/2016,SouthAfrica
lost,47 runs,lost,2nd,South Africa,Providence,06/07/2016,Australia
won,9 wickets,won,2nd,Zimbabwe,Harare,06/11/2016,India
lost,36 runs,lost,2nd,Australia,Basseterre,06/11/2016,SouthAfrica
won,36 runs,won,1st,South Africa,Basseterre,06/11/2016,Australia
won,8 wickets,won,2nd,Zimbabwe,Harare,06/13/2016,India
won,4 wickets,won,2nd,Australia,Basseterre,06/13/2016,WestIndies
lost,4 wickets,lost,1st,West Indies,Basseterre,06/13/2016,Australia
won,10 wickets,lost,2nd,Zimbabwe,Harare,06/15/2016,India
lost,139 runs,won,2nd,South Africa,Basseterre,06/15/2016,WestIndies
won,139 runs,lost,1st,West Indies,Basseterre,06/15/2016,SouthAfrica
won,76 runs,lost,1st,Ireland,Dublin (Malahide),06/16/2016,SriLanka
won,136 runs,lost,1st,Ireland,Dublin (Malahide),06/18/2016,SriLanka
tied,-,lost,1st,England,Nottingham,06/21/2016,SriLanka
tied,-,won,2nd,Sri Lanka,Nottingham,06/21/2016,England
lost,6 wickets,lost,1st,Australia,Bridgetown,06/21/2016,WestIndies
won,6 wickets,won,2nd,West Indies,Bridgetown,06/21/2016,Australia
lost,10 wickets,won,1st,England,Birmingham,06/24/2016,SriLanka
won,10 wickets,lost,2nd,Sri Lanka,Birmingham,06/24/2016,England
won,100 runs,lost,1st,South Africa,Bridgetown,06/24/2016,WestIndies
lost,100 runs,won,2nd,West Indies,Bridgetown,06/24/2016,SouthAfrica
lost,58 runs,lost,2nd,Australia,Bridgetown,06/26/2016,WestIndies
won,58 runs,won,1st,West Indies,Bridgetown,06/26/2016,Australia
lost,6 wickets,lost,1st,England,The Oval,06/29/2016,SriLanka
won,6 wickets,won,2nd,Sri Lanka,The Oval,06/29/2016,England
lost,122 runs,won,2nd,England,Cardiff,07/02/2016,SriLanka
won,122 runs,lost,1st,Sri Lanka,Cardiff,07/02/2016,England
won,78 runs,won,1st,Scotland,Edinburgh,07/06/2016,Afghanistan
won,39 runs,lost,1st,Ireland,Belfast,07/12/2016,Afghanistan
lost,6 wickets,won,1st,Ireland,Belfast,07/14/2016,Afghanistan
won,79 runs,won,1st,Ireland,Belfast,07/17/2016,Afghanistan
lost,12 runs,won,2nd,Ireland,Belfast,07/19/2016,Afghanistan
won,255 runs,lost,1st,Ireland,Dublin (Malahide),08/18/2016,Pakistan
lost,3 wickets,lost,1st,Australia,Colombo (RPS),08/21/2016,SriLanka
won,3 wickets,won,2nd,Sri Lanka,Colombo (RPS),08/21/2016,Australia
won,82 runs,won,1st,Australia,Colombo (RPS),08/24/2016,SriLanka
lost,82 runs,lost,2nd,Sri Lanka,Colombo (RPS),08/24/2016,Australia
lost,44 runs,won,1st,England,Southampton,08/24/2016,Pakistan
won,44 runs,lost,2nd,Pakistan,Southampton,08/24/2016,England
lost,4 wickets,won,1st,England,Lord's,08/27/2016,Pakistan
won,4 wickets,lost,2nd,Pakistan,Lord's,08/27/2016,England
lost,2 wickets,won,1st,Australia,Dambulla,08/28/2016,SriLanka
won,2 wickets,lost,2nd,Sri Lanka,Dambulla,08/28/2016,Australia
lost,169 runs,lost,2nd,England,Nottingham,08/30/2016,Pakistan
won,169 runs,won,1st,Pakistan,Nottingham,08/30/2016,England
lost,6 wickets,won,1st,Australia,Dambulla,08/31/2016,SriLanka
won,6 wickets,lost,2nd,Sri Lanka,Dambulla,08/31/2016,Australia
lost,4 wickets,won,1st,England,Leeds,09/01/2016,Pakistan
won,4 wickets,lost,2nd,Pakistan,Leeds,09/01/2016,England
lost,5 wickets,won,1st,Australia,Pallekele,09/04/2016,SriLanka
won,5 wickets,lost,2nd,Sri Lanka,Pallekele,09/04/2016,Australia
won,4 wickets,won,2nd,England,Cardiff,09/04/2016,Pakistan
lost,4 wickets,lost,1st,Pakistan,Cardiff,09/04/2016,England
won,206 runs,lost,1st,Ireland,Benoni,09/25/2016,SouthAfrica
won,7 runs,won,1st,Afghanistan,Dhaka,09/25/2016,Bangladesh
lost,7 runs,lost,2nd,Bangladesh,Dhaka,09/25/2016,Afghanistan
won,9 wickets,lost,2nd,Ireland,Benoni,09/27/2016,Australia
lost,2 wickets,lost,1st,Afghanistan,Dhaka,09/28/2016,Bangladesh
won,2 wickets,won,2nd,Bangladesh,Dhaka,09/28/2016,Afghanistan
lost,111 runs,won,2nd,Pakistan,Sharjah,09/30/2016,WestIndies
won,111 runs,lost,1st,West Indies,Sharjah,09/30/2016,Pakistan
won,6 wickets,won,2nd,Australia,Centurion,09/30/2016,SouthAfrica
lost,6 wickets,lost,1st,South Africa,Centurion,09/30/2016,Australia
won,141 runs,won,1st,Afghanistan,Dhaka,10/01/2016,Bangladesh
lost,141 runs,lost,2nd,Bangladesh,Dhaka,10/01/2016,Afghanistan
won,142 runs,lost,1st,Australia,Johannesburg,10/02/2016,SouthAfrica
lost,142 runs,won,2nd,South Africa,Johannesburg,10/02/2016,Australia
lost,59 runs,lost,2nd,Pakistan,Sharjah,10/02/2016,WestIndies
won,59 runs,won,1st,West Indies,Sharjah,10/02/2016,Pakistan
lost,136 runs,lost,2nd,Pakistan,Abu Dhabi,10/05/2016,WestIndies
won,136 runs,won,1st,West Indies,Abu Dhabi,10/05/2016,Pakistan
won,4 wickets,lost,2nd,Australia,Durban,10/05/2016,SouthAfrica
lost,4 wickets,won,1st,South Africa,Durban,10/05/2016,Australia
won,21 runs,won,1st,Bangladesh,Dhaka,10/07/2016,England
lost,21 runs,lost,2nd,England,Dhaka,10/07/2016,Bangladesh
won,6 wickets,lost,2nd,Australia,Port Elizabeth,10/09/2016,SouthAfrica
lost,6 wickets,won,1st,South Africa,Port Elizabeth,10/09/2016,Australia
lost,34 runs,won,2nd,Bangladesh,Dhaka,10/09/2016,England
won,34 runs,lost,1st,England,Dhaka,10/09/2016,Bangladesh
won,4 wickets,won,2nd,Bangladesh,Chattogram,10/12/2016,England
lost,4 wickets,lost,1st,England,Chattogram,10/12/2016,Bangladesh
won,31 runs,won,1st,Australia,Cape Town,10/12/2016,SouthAfrica
lost,31 runs,lost,2nd,South Africa,Cape Town,10/12/2016,Australia
lost,6 wickets,lost,1st,India,Dharamsala,10/16/2016,Newzealad
won,6 wickets,won,2nd,New Zealand,Dharamsala,10/16/2016,India
won,6 runs,lost,1st,India,Delhi,10/20/2016,Newzealad
lost,6 runs,won,2nd,New Zealand,Delhi,10/20/2016,India
lost,7 wickets,lost,1st,India,Mohali,10/23/2016,Newzealad
won,7 wickets,won,2nd,New Zealand,Mohali,10/23/2016,India
won,19 runs,won,1st,India,Ranchi,10/26/2016,Newzealad
lost,19 runs,lost,2nd,New Zealand,Ranchi,10/26/2016,India
lost,190 runs,lost,2nd,India,Visakhapatnam,10/29/2016,Newzealad
won,190 runs,won,1st,New Zealand,Visakhapatnam,10/29/2016,India
won,8 wickets,won,2nd,Zimbabwe,Harare,11/14/2016,SriLanka
won,62 runs,lost,1st,Sri Lanka,Harare,11/16/2016,WestIndies
lost,62 runs,won,2nd,West Indies,Harare,11/16/2016,SriLanka
tied,-,lost,2nd,Zimbabwe,Bulawayo,11/19/2016,WestIndies
lost,1 runs,won,2nd,Sri Lanka,Bulawayo,11/23/2016,WestIndies
won,1 runs,lost,1st,West Indies,Bulawayo,11/23/2016,SriLanka
lost,5 runs,lost,2nd,Zimbabwe,Bulawayo,11/25/2016,WestIndies
won,6 wickets,lost,2nd,Zimbabwe,Bulawayo,11/27/2016,SriLanka
lost,68 runs,lost,2nd,Australia,Sydney,12/04/2016,Newzealad
won,68 runs,won,1st,New Zealand,Sydney,12/04/2016,Australia
lost,116 runs,won,2nd,Australia,Canberra,12/06/2016,Newzealad
won,116 runs,lost,1st,New Zealand,Canberra,12/06/2016,Australia
lost,117 runs,lost,2nd,Australia,Melbourne,12/09/2016,Newzealad
won,117 runs,won,1st,New Zealand,Melbourne,12/09/2016,Australia
won,77 runs,won,1st,Bangladesh,Christchurch,12/26/2016,Newzealad
lost,77 runs,lost,2nd,New Zealand,Christchurch,12/26/2016,Bangladesh
won,67 runs,lost,1st,Bangladesh,Nelson,12/29/2016,Newzealad
lost,67 runs,won,2nd,New Zealand,Nelson,12/29/2016,Bangladesh
won,8 wickets,lost,2nd,Bangladesh,Nelson,12/31/2016,Newzealad
lost,8 wickets,won,1st,New Zealand,Nelson,12/31/2016,Bangladesh
lost,92 runs,lost,2nd,Australia,Brisbane,01/13/2017,Pakistan
won,92 runs,won,1st,Pakistan,Brisbane,01/13/2017,Australia
won,6 wickets,lost,2nd,Australia,Melbourne,01/15/2017,Pakistan
lost,6 wickets,won,1st,Pakistan,Melbourne,01/15/2017,Australia
won,3 wickets,won,2nd,England,Pune,01/15/2017,India
lost,3 wickets,lost,1st,India,Pune,01/15/2017,England
lost,7 wickets,lost,1st,Australia,Perth,01/19/2017,Pakistan
won,7 wickets,won,2nd,Pakistan,Perth,01/19/2017,Australia
won,15 runs,lost,1st,England,Cuttack,01/19/2017,India
lost,15 runs,won,2nd,India,Cuttack,01/19/2017,England
lost,86 runs,lost,2nd,Australia,Sydney,01/22/2017,Pakistan
won,86 runs,won,1st,Pakistan,Sydney,01/22/2017,Australia
lost,5 runs,won,2nd,England,Kolkata,01/22/2017,India
won,5 runs,lost,1st,India,Kolkata,01/22/2017,England
lost,57 runs,lost,2nd,Australia,Adelaide,01/26/2017,Pakistan
won,57 runs,won,1st,Pakistan,Adelaide,01/26/2017,Australia
lost,8 wickets,lost,1st,South Africa,Port Elizabeth,01/28/2017,SriLanka
won,8 wickets,won,2nd,Sri Lanka,Port Elizabeth,01/28/2017,SouthAfrica
won,6 runs,lost,1st,Australia,Auckland,01/30/2017,Newzealad
lost,6 runs,won,2nd,New Zealand,Auckland,01/30/2017,Australia
lost,121 runs,won,2nd,South Africa,Durban,02/01/2017,SriLanka
won,121 runs,lost,1st,Sri Lanka,Durban,02/01/2017,SouthAfrica
lost,7 wickets,lost,1st,South Africa,Johannesburg,02/04/2017,SriLanka
won,7 wickets,won,2nd,Sri Lanka,Johannesburg,02/04/2017,SouthAfrica
won,24 runs,won,1st,Australia,Hamilton,02/05/2017,Newzealad
lost,24 runs,lost,2nd,New Zealand,Hamilton,02/05/2017,Australia
lost,40 runs,lost,2nd,South Africa,Cape Town,02/07/2017,SriLanka
won,40 runs,won,1st,Sri Lanka,Cape Town,02/07/2017,SouthAfrica
lost,88 runs,won,2nd,South Africa,Centurion,02/10/2017,SriLanka
won,88 runs,lost,1st,Sri Lanka,Centurion,02/10/2017,SouthAfrica
won,12 runs,won,1st,Zimbabwe,Harare,02/16/2017,Afghanistan
won,4 wickets,won,2nd,New Zealand,Hamilton,02/19/2017,SouthAfrica
lost,4 wickets,lost,1st,South Africa,Hamilton,02/19/2017,Newzealad
won,54 runs,won,1st,Zimbabwe,Harare,02/19/2017,Afghanistan
lost,3 runs,lost,2nd,Zimbabwe,Harare,02/21/2017,Afghanistan
lost,6 runs,won,2nd,New Zealand,Christchurch,02/22/2017,SouthAfrica
won,6 runs,lost,1st,South Africa,Christchurch,02/22/2017,Newzealad
lost,7 wickets,won,1st,Zimbabwe,Harare,02/24/2017,Afghanistan
won,159 runs,won,1st,New Zealand,Wellington,02/25/2017,SouthAfrica
lost,159 runs,lost,2nd,South Africa,Wellington,02/25/2017,Newzealad
won,106 runs,won,1st,Zimbabwe,Harare,02/26/2017,Afghanistan
lost,7 wickets,won,1st,New Zealand,Hamilton,03/01/2017,SouthAfrica
won,7 wickets,lost,2nd,South Africa,Hamilton,03/01/2017,Newzealad
lost,45 runs,won,2nd,England,North Sound,03/03/2017,WestIndies
won,45 runs,lost,1st,West Indies,North Sound,03/03/2017,England
won,6 wickets,won,2nd,New Zealand,Auckland,03/04/2017,SouthAfrica
lost,6 wickets,lost,1st,South Africa,Auckland,03/04/2017,Newzealad
lost,4 wickets,won,1st,England,North Sound,03/05/2017,WestIndies
won,4 wickets,lost,2nd,West Indies,North Sound,03/05/2017,England
lost,186 runs,won,2nd,England,Bridgetown,03/09/2017,WestIndies
won,186 runs,lost,1st,West Indies,Bridgetown,03/09/2017,England
won,30 runs,won,1st,Ireland,Greater Noida,03/15/2017,Afghanistan
won,34 runs,won,1st,Ireland,Greater Noida,03/17/2017,Afghanistan
lost,6 wickets,won,1st,Ireland,Greater Noida,03/19/2017,Afghanistan
lost,3 wickets,won,1st,Ireland,Greater Noida,03/22/2017,Afghanistan
won,7 wickets,lost,2nd,Ireland,Greater Noida,03/24/2017,Afghanistan
lost,90 runs,won,2nd,Bangladesh,Dambulla,03/25/2017,SriLanka
won,90 runs,lost,1st,Sri Lanka,Dambulla,03/25/2017,Bangladesh
won,70 runs,lost,1st,Bangladesh,Colombo (SSC),04/01/2017,SriLanka
lost,70 runs,won,2nd,Sri Lanka,Colombo (SSC),04/01/2017,Bangladesh
won,4 wickets,won,2nd,Pakistan,Providence,04/07/2017,WestIndies
lost,4 wickets,lost,1st,West Indies,Providence,04/07/2017,Pakistan
lost,74 runs,won,2nd,Pakistan,Providence,04/09/2017,WestIndies
won,74 runs,lost,1st,West Indies,Providence,04/09/2017,Pakistan
lost,6 wickets,won,1st,Pakistan,Providence,04/11/2017,WestIndies
won,6 wickets,lost,2nd,West Indies,Providence,04/11/2017,Pakistan
won,7 wickets,lost,2nd,Ireland,Bristol,05/05/2017,England
won,85 runs,lost,1st,Ireland,Lord's,05/07/2017,England
won,51 runs,lost,1st,Ireland,Dublin (Malahide),05/14/2017,Newzealad
won,4 wickets,won,2nd,Bangladesh,Dublin,05/17/2017,Newzealad
lost,4 wickets,lost,1st,New Zealand,Dublin,05/17/2017,Bangladesh
won,8 wickets,won,2nd,Ireland,Dublin (Malahide),05/19/2017,Bangladesh
won,190 runs,lost,1st,Ireland,Dublin (Malahide),05/21/2017,Newzealad
lost,5 wickets,lost,1st,Bangladesh,Dublin,05/24/2017,Newzealad
won,5 wickets,won,2nd,New Zealand,Dublin,05/24/2017,Bangladesh
lost,72 runs,won,2nd,England,Leeds,05/24/2017,SouthAfrica
won,72 runs,lost,1st,South Africa,Leeds,05/24/2017,England
lost,2 runs,won,2nd,England,Southampton,05/27/2017,SouthAfrica
won,2 runs,lost,1st,South Africa,Southampton,05/27/2017,England
won,7 wickets,won,2nd,England,Lord's,05/29/2017,SouthAfrica
lost,7 wickets,lost,1st,South Africa,Lord's,05/29/2017,England
won,8 wickets,won,2nd,Bangladesh,The Oval,06/01/2017,England
lost,8 wickets,lost,1st,England,The Oval,06/01/2017,Bangladesh
lost,96 runs,won,2nd,South Africa,The Oval,06/03/2017,SriLanka
won,96 runs,lost,1st,Sri Lanka,The Oval,06/03/2017,SouthAfrica
lost,124 runs,won,2nd,India,Birmingham,06/04/2017,Pakistan
won,124 runs,lost,1st,Pakistan,Birmingham,06/04/2017,India
lost,87 runs,won,2nd,England,Cardiff,06/06/2017,Newzealad
won,87 runs,lost,1st,New Zealand,Cardiff,06/06/2017,England
lost,19 runs,won,1st,Pakistan,Birmingham,06/07/2017,SouthAfrica
won,19 runs,lost,2nd,South Africa,Birmingham,06/07/2017,Pakistan
won,7 wickets,won,2nd,India,The Oval,06/08/2017,SriLanka
lost,7 wickets,lost,1st,Sri Lanka,The Oval,06/08/2017,India
lost,5 wickets,won,1st,Bangladesh,Cardiff,06/09/2017,Newzealad
won,5 wickets,lost,2nd,New Zealand,Cardiff,06/09/2017,Bangladesh
lost,63 runs,lost,2nd,Afghanistan,Gros Islet,06/09/2017,WestIndies
won,63 runs,won,1st,West Indies,Gros Islet,06/09/2017,Afghanistan
won,40 runs,won,2nd,Australia,Birmingham,06/10/2017,England
lost,40 runs,lost,1st,England,Birmingham,06/10/2017,Australia
lost,8 wickets,lost,1st,India,The Oval,06/11/2017,SouthAfrica
won,8 wickets,won,2nd,South Africa,The Oval,06/11/2017,India
won,4 wickets,lost,2nd,Afghanistan,Gros Islet,06/11/2017,WestIndies
lost,4 wickets,won,1st,West Indies,Gros Islet,06/11/2017,Afghanistan
lost,3 wickets,lost,1st,Pakistan,Cardiff,06/12/2017,SriLanka
won,3 wickets,won,2nd,Sri Lanka,Cardiff,06/12/2017,Pakistan
won,8 wickets,won,2nd,England,Cardiff,06/14/2017,Pakistan
lost,8 wickets,lost,1st,Pakistan,Cardiff,06/14/2017,England
won,9 wickets,won,2nd,Bangladesh,Birmingham,06/15/2017,India
lost,9 wickets,lost,1st,India,Birmingham,06/15/2017,Bangladesh
won,180 runs,lost,1st,India,The Oval,06/18/2017,Pakistan
lost,180 runs,won,2nd,Pakistan,The Oval,06/18/2017,India
lost,105 runs,won,2nd,India,Port of Spain,06/25/2017,WestIndies
won,105 runs,lost,1st,West Indies,Port of Spain,06/25/2017,India
lost,6 wickets,won,1st,Zimbabwe,Galle,06/30/2017,SriLanka
lost,93 runs,won,2nd,India,North Sound,06/30/2017,WestIndies
won,93 runs,lost,1st,West Indies,North Sound,06/30/2017,India
won,7 wickets,won,2nd,Zimbabwe,Galle,07/02/2017,SriLanka
won,11 runs,won,1st,India,North Sound,07/02/2017,WestIndies
lost,11 runs,lost,2nd,West Indies,North Sound,07/02/2017,India
won,8 wickets,won,2nd,Zimbabwe,Hambantota,07/06/2017,SriLanka
lost,8 wickets,won,1st,India,Kingston,07/06/2017,WestIndies
won,8 wickets,lost,2nd,West Indies,Kingston,07/06/2017,India
lost,4 wickets,won,1st,Zimbabwe,Hambantota,07/08/2017,SriLanka
lost,3 wickets,lost,1st,Zimbabwe,Hambantota,07/10/2017,SriLanka
lost,9 wickets,lost,1st,India,Dambulla,08/20/2017,SriLanka
won,9 wickets,won,2nd,Sri Lanka,Dambulla,08/20/2017,India
lost,3 wickets,lost,1st,India,Pallekele,08/24/2017,SriLanka
won,3 wickets,won,2nd,Sri Lanka,Pallekele,08/24/2017,India
lost,6 wickets,won,1st,India,Pallekele,08/27/2017,SriLanka
won,6 wickets,lost,2nd,Sri Lanka,Pallekele,08/27/2017,India
lost,168 runs,lost,2nd,India,Colombo (RPS),08/31/2017,SriLanka
won,168 runs,won,1st,Sri Lanka,Colombo (RPS),08/31/2017,India
lost,6 wickets,won,1st,India,Colombo (RPS),09/03/2017,SriLanka
won,6 wickets,lost,2nd,Sri Lanka,Colombo (RPS),09/03/2017,India
won,26 runs,won,1st,Australia,Chennai,09/17/2017,India
lost,26 runs,lost,2nd,India,Chennai,09/17/2017,Australia
lost,7 wickets,won,1st,England,Manchester,09/19/2017,WestIndies
won,7 wickets,lost,2nd,West Indies,Manchester,09/19/2017,England
won,50 runs,won,1st,Australia,Kolkata,09/21/2017,India
lost,50 runs,lost,2nd,India,Kolkata,09/21/2017,Australia
won,5 wickets,lost,2nd,Australia,Indore,09/24/2017,India
lost,5 wickets,won,1st,India,Indore,09/24/2017,Australia
lost,124 runs,won,2nd,England,Bristol,09/24/2017,WestIndies
won,124 runs,lost,1st,West Indies,Bristol,09/24/2017,England
lost,6 runs,lost,1st,England,The Oval,09/27/2017,WestIndies
won,6 runs,won,2nd,West Indies,The Oval,09/27/2017,England
lost,21 runs,lost,2nd,Australia,Bengaluru,09/28/2017,India
won,21 runs,won,1st,India,Bengaluru,09/28/2017,Australia
lost,9 wickets,lost,1st,England,Southampton,09/29/2017,WestIndies
won,9 wickets,won,2nd,West Indies,Southampton,09/29/2017,England
won,7 wickets,lost,2nd,Australia,Nagpur,10/01/2017,India
lost,7 wickets,won,1st,India,Nagpur,10/01/2017,Australia
lost,83 runs,won,2nd,Pakistan,Dubai (DSC),10/13/2017,SriLanka
won,83 runs,lost,1st,Sri Lanka,Dubai (DSC),10/13/2017,Pakistan
won,10 wickets,lost,2nd,Bangladesh,Kimberley,10/15/2017,SouthAfrica
lost,10 wickets,won,1st,South Africa,Kimberley,10/15/2017,Bangladesh
lost,32 runs,lost,2nd,Pakistan,Abu Dhabi,10/16/2017,SriLanka
won,32 runs,won,1st,Sri Lanka,Abu Dhabi,10/16/2017,Pakistan
won,104 runs,lost,1st,Bangladesh,Paarl,10/18/2017,SouthAfrica
lost,104 runs,won,2nd,South Africa,Paarl,10/18/2017,Bangladesh
lost,7 wickets,won,1st,Pakistan,Abu Dhabi,10/18/2017,SriLanka
won,7 wickets,lost,2nd,Sri Lanka,Abu Dhabi,10/18/2017,Pakistan
lost,7 wickets,won,1st,Pakistan,Sharjah,10/20/2017,SriLanka
won,7 wickets,lost,2nd,Sri Lanka,Sharjah,10/20/2017,Pakistan
won,6 wickets,lost,2nd,India,Mumbai,10/22/2017,Newzealad
lost,6 wickets,won,1st,New Zealand,Mumbai,10/22/2017,India
won,200 runs,won,1st,Bangladesh,East London,10/22/2017,SouthAfrica
lost,200 runs,lost,2nd,South Africa,East London,10/22/2017,Bangladesh
lost,9 wickets,won,1st,Pakistan,Sharjah,10/23/2017,SriLanka
won,9 wickets,lost,2nd,Sri Lanka,Sharjah,10/23/2017,Pakistan
lost,6 wickets,won,1st,India,Pune,10/25/2017,Newzealad
won,6 wickets,lost,2nd,New Zealand,Pune,10/25/2017,India
lost,6 runs,won,2nd,India,Kanpur,10/29/2017,Newzealad
won,6 runs,lost,1st,New Zealand,Kanpur,10/29/2017,India
won,138 runs,lost,1st,Ireland,Sharjah,12/05/2017,Afghanistan
lost,51 runs,lost,2nd,Ireland,Sharjah,12/07/2017,Afghanistan
won,7 wickets,won,2nd,India,Dharamsala,12/10/2017,SriLanka
lost,7 wickets,lost,1st,Sri Lanka,Dharamsala,12/10/2017,India
lost,5 wickets,won,1st,Ireland,Sharjah,12/10/2017,Afghanistan
lost,141 runs,won,2nd,India,Mohali,12/13/2017,SriLanka
won,141 runs,lost,1st,Sri Lanka,Mohali,12/13/2017,India
lost,8 wickets,lost,1st,India,Visakhapatnam,12/17/2017,SriLanka
won,8 wickets,won,2nd,Sri Lanka,Visakhapatnam,12/17/2017,India
lost,5 wickets,lost,1st,New Zealand,Whangarei,12/20/2017,WestIndies
won,5 wickets,won,2nd,West Indies,Whangarei,12/20/2017,Newzealad
lost,204 runs,won,2nd,New Zealand,Christchurch,12/23/2017,WestIndies
won,204 runs,lost,1st,West Indies,Christchurch,12/23/2017,Newzealad
lost,66 runs,lost,2nd,New Zealand,Christchurch,12/26/2017,WestIndies
won,66 runs,won,1st,West Indies,Christchurch,12/26/2017,Newzealad
lost,61 runs,won,2nd,New Zealand,Wellington,01/06/2018,Pakistan
won,61 runs,lost,1st,Pakistan,Wellington,01/06/2018,Newzealad
lost,8 wickets,won,1st,New Zealand,Nelson,01/09/2018,Pakistan
won,8 wickets,lost,2nd,Pakistan,Nelson,01/09/2018,Newzealad
lost,183 runs,lost,2nd,New Zealand,Dunedin,01/13/2018,Pakistan
won,183 runs,won,1st,Pakistan,Dunedin,01/13/2018,Newzealad
won,5 wickets,won,2nd,Australia,Melbourne,01/14/2018,England
lost,5 wickets,lost,1st,England,Melbourne,01/14/2018,Australia
won,8 wickets,won,2nd,Zimbabwe,Dhaka,01/15/2018,Bangladesh
lost,5 wickets,won,1st,New Zealand,Hamilton,01/16/2018,Pakistan
won,5 wickets,lost,2nd,Pakistan,Hamilton,01/16/2018,Newzealad
lost,12 runs,won,2nd,Zimbabwe,Dhaka,01/17/2018,SriLanka
lost,15 runs,lost,2nd,New Zealand,Wellington,01/19/2018,Pakistan
won,15 runs,won,1st,Pakistan,Wellington,01/19/2018,Newzealad
won,4 wickets,lost,2nd,Australia,Brisbane,01/19/2018,England
lost,4 wickets,won,1st,England,Brisbane,01/19/2018,Australia
lost,163 runs,lost,2nd,Bangladesh,Dhaka,01/19/2018,SriLanka
won,163 runs,won,1st,Sri Lanka,Dhaka,01/19/2018,Bangladesh
won,16 runs,lost,1st,Australia,Sydney,01/21/2018,England
lost,16 runs,won,2nd,England,Sydney,01/21/2018,Australia
won,5 wickets,lost,2nd,Zimbabwe,Dhaka,01/21/2018,SriLanka
won,91 runs,won,1st,Zimbabwe,Dhaka,01/23/2018,Bangladesh
won,10 wickets,lost,2nd,Bangladesh,Dhaka,01/25/2018,SriLanka
lost,10 wickets,won,1st,Sri Lanka,Dhaka,01/25/2018,Bangladesh
lost,3 wickets,lost,1st,Australia,Adelaide,01/26/2018,England
won,3 wickets,won,2nd,England,Adelaide,01/26/2018,Australia
won,79 runs,won,1st,Bangladesh,Dhaka,01/27/2018,SriLanka
lost,79 runs,lost,2nd,Sri Lanka,Dhaka,01/27/2018,Bangladesh
won,12 runs,lost,1st,Australia,Perth,01/28/2018,England
lost,12 runs,won,2nd,England,Perth,01/28/2018,Australia
lost,6 wickets,won,1st,India,Durban,02/01/2018,SouthAfrica
won,6 wickets,lost,2nd,South Africa,Durban,02/01/2018,India
lost,9 wickets,lost,1st,India,Centurion,02/04/2018,SouthAfrica
won,9 wickets,won,2nd,South Africa,Centurion,02/04/2018,India
lost,124 runs,won,2nd,India,Cape Town,02/07/2018,SouthAfrica
won,124 runs,lost,1st,South Africa,Cape Town,02/07/2018,India
won,154 runs,won,1st,Zimbabwe,Sharjah,02/09/2018,Afghanistan
won,5 wickets,lost,2nd,India,Johannesburg,02/10/2018,SouthAfrica
lost,5 wickets,won,1st,South Africa,Johannesburg,02/10/2018,India
lost,154 runs,lost,2nd,Zimbabwe,Sharjah,02/11/2018,Afghanistan
won,6 wickets,lost,2nd,Zimbabwe,Sharjah,02/13/2018,Afghanistan
lost,73 runs,won,2nd,India,Port Elizabeth,02/13/2018,SouthAfrica
won,73 runs,lost,1st,South Africa,Port Elizabeth,02/13/2018,India
won,10 wickets,lost,2nd,Zimbabwe,Sharjah,02/16/2018,Afghanistan
lost,8 wickets,lost,1st,India,Centurion,02/16/2018,SouthAfrica
won,8 wickets,won,2nd,South Africa,Centurion,02/16/2018,India
won,146 runs,won,1st,Zimbabwe,Sharjah,02/19/2018,Afghanistan
won,3 wickets,won,2nd,England,Hamilton,02/25/2018,Newzealad
lost,3 wickets,lost,1st,New Zealand,Hamilton,02/25/2018,England
lost,6 wickets,lost,1st,England,Mount Maunganui,02/28/2018,Newzealad
won,6 wickets,won,2nd,New Zealand,Mount Maunganui,02/28/2018,England
lost,4 runs,won,2nd,England,Wellington,03/03/2018,Newzealad
won,4 runs,lost,1st,New Zealand,Wellington,03/03/2018,England
lost,7 wickets,lost,1st,Scotland,Bulawayo,03/04/2018,Afghanistan
won,60 runs,won,1st,U.A.E.,Harare,03/06/2018,WestIndies
lost,2 runs,lost,2nd,Zimbabwe,Bulawayo,03/06/2018,Afghanistan
won,5 wickets,won,2nd,England,Dunedin,03/07/2018,Newzealad
lost,5 wickets,lost,1st,New Zealand,Dunedin,03/07/2018,England
lost,30 runs,won,2nd,Hong Kong,Bulawayo,03/08/2018,Afghanistan
won,6 wickets,lost,2nd,P.N.G.,Harare,03/08/2018,WestIndies
lost,7 wickets,lost,1st,England,Christchurch,03/10/2018,Newzealad
won,7 wickets,won,2nd,New Zealand,Christchurch,03/10/2018,England
won,52 runs,lost,1st,Ireland,Harare,03/10/2018,WestIndies
lost,3 wickets,won,1st,Afghanistan,Harare,03/15/2018,WestIndies
won,3 wickets,lost,2nd,West Indies,Harare,03/15/2018,Afghanistan
won,4 wickets,lost,2nd,Zimbabwe,Harare,03/19/2018,WestIndies
won,5 wickets,lost,2nd,U.A.E.,Harare,03/20/2018,Afghanistan
won,5 runs,lost,1st,Scotland,Harare,03/21/2018,WestIndies
won,5 wickets,lost,2nd,Ireland,Harare,03/23/2018,Afghanistan
lost,7 wickets,won,1st,Afghanistan,Harare,03/25/2018,WestIndies
won,7 wickets,lost,2nd,West Indies,Harare,03/25/2018,Afghanistan
lost,6 runs,won,2nd,Scotland,Edinburgh,06/10/2018,England
won,3 wickets,lost,2nd,Australia,The Oval,06/13/2018,England
lost,3 wickets,won,1st,England,The Oval,06/13/2018,Australia
won,38 runs,lost,1st,Australia,Cardiff,06/16/2018,England
lost,38 runs,won,2nd,England,Cardiff,06/16/2018,Australia
won,242 runs,lost,1st,Australia,Nottingham,06/19/2018,England
lost,242 runs,won,2nd,England,Nottingham,06/19/2018,Australia
won,6 wickets,lost,2nd,Australia,Chester-le-Street,06/21/2018,England
lost,6 wickets,won,1st,England,Chester-le-Street,06/21/2018,Australia
won,1 wickets,lost,2nd,Australia,Manchester,06/24/2018,England
lost,1 wickets,won,1st,England,Manchester,06/24/2018,Australia
won,8 wickets,won,2nd,England,Nottingham,07/12/2018,India
lost,8 wickets,lost,1st,India,Nottingham,07/12/2018,England
won,201 runs,lost,1st,Zimbabwe,Bulawayo,07/13/2018,Pakistan
lost,86 runs,lost,2nd,England,Lord's,07/14/2018,India
won,86 runs,won,1st,India,Lord's,07/14/2018,England
won,9 wickets,lost,2nd,Zimbabwe,Bulawayo,07/16/2018,Pakistan
lost,8 wickets,lost,1st,England,Leeds,07/17/2018,India
won,8 wickets,won,2nd,India,Leeds,07/17/2018,England
won,9 wickets,lost,2nd,Zimbabwe,Bulawayo,07/18/2018,Pakistan
won,244 runs,won,1st,Zimbabwe,Bulawayo,07/20/2018,Pakistan
won,131 runs,won,1st,Zimbabwe,Bulawayo,07/22/2018,Pakistan
lost,48 runs,lost,2nd,Bangladesh,Providence,07/22/2018,WestIndies
won,48 runs,won,1st,West Indies,Providence,07/22/2018,Bangladesh
won,3 runs,lost,1st,Bangladesh,Providence,07/25/2018,WestIndies
lost,3 runs,won,2nd,West Indies,Providence,07/25/2018,Bangladesh
lost,18 runs,lost,2nd,Bangladesh,Basseterre,07/28/2018,WestIndies
won,18 runs,won,1st,West Indies,Basseterre,07/28/2018,Bangladesh
lost,5 wickets,won,1st,South Africa,Dambulla,07/29/2018,SriLanka
won,5 wickets,lost,2nd,Sri Lanka,Dambulla,07/29/2018,SouthAfrica
lost,4 wickets,won,1st,South Africa,Dambulla,08/01/2018,SriLanka
won,4 wickets,lost,2nd,Sri Lanka,Dambulla,08/01/2018,SouthAfrica
lost,78 runs,won,2nd,South Africa,Pallekele,08/05/2018,SriLanka
won,78 runs,lost,1st,Sri Lanka,Pallekele,08/05/2018,SouthAfrica
won,3 runs,lost,1st,South Africa,Pallekele,08/08/2018,SriLanka
lost,3 runs,won,2nd,Sri Lanka,Pallekele,08/08/2018,SouthAfrica
won,178 runs,won,1st,South Africa,Colombo (RPS),08/12/2018,SriLanka
lost,178 runs,lost,2nd,Sri Lanka,Colombo (RPS),08/12/2018,SouthAfrica
won,29 runs,lost,1st,Ireland,Belfast,08/27/2018,Afghanistan
lost,3 wickets,won,1st,Ireland,Belfast,08/29/2018,Afghanistan
won,8 wickets,lost,2nd,Ireland,Belfast,08/31/2018,Afghanistan
lost,137 runs,lost,2nd,Bangladesh,Dubai (DSC),09/15/2018,SriLanka
won,137 runs,won,1st,Sri Lanka,Dubai (DSC),09/15/2018,Bangladesh
won,8 wickets,lost,2nd,Hong Kong,Dubai (DSC),09/16/2018,Pakistan
lost,91 runs,lost,2nd,Afghanistan,Abu Dhabi,09/17/2018,SriLanka
won,91 runs,won,1st,Sri Lanka,Abu Dhabi,09/17/2018,Afghanistan
won,26 runs,lost,1st,Hong Kong,Dubai (DSC),09/18/2018,India
lost,8 wickets,won,1st,India,Dubai (DSC),09/19/2018,Pakistan
won,8 wickets,lost,2nd,Pakistan,Dubai (DSC),09/19/2018,India
lost,136 runs,lost,2nd,Afghanistan,Abu Dhabi,09/20/2018,Bangladesh
won,136 runs,won,1st,Bangladesh,Abu Dhabi,09/20/2018,Afghanistan
won,7 wickets,won,2nd,Bangladesh,Dubai (DSC),09/21/2018,India
lost,7 wickets,lost,1st,India,Dubai (DSC),09/21/2018,Bangladesh
won,3 wickets,lost,2nd,Afghanistan,Abu Dhabi,09/21/2018,Pakistan
lost,3 wickets,won,1st,Pakistan,Abu Dhabi,09/21/2018,Afghanistan
lost,9 wickets,won,1st,India,Dubai (DSC),09/23/2018,Pakistan
won,9 wickets,lost,2nd,Pakistan,Dubai (DSC),09/23/2018,India
won,3 runs,won,1st,Afghanistan,Abu Dhabi,09/23/2018,Bangladesh
lost,3 runs,lost,2nd,Bangladesh,Abu Dhabi,09/23/2018,Afghanistan
tied,-,lost,2nd,Afghanistan,Dubai (DSC),09/25/2018,India
tied,-,won,1st,India,Dubai (DSC),09/25/2018,Afghanistan
lost,37 runs,lost,2nd,Bangladesh,Abu Dhabi,09/26/2018,Pakistan
won,37 runs,won,1st,Pakistan,Abu Dhabi,09/26/2018,Bangladesh
won,3 wickets,won,2nd,Bangladesh,Dubai (DSC),09/28/2018,India
lost,3 wickets,lost,1st,India,Dubai (DSC),09/28/2018,Bangladesh
won,5 wickets,won,2nd,Zimbabwe,Kimberley,09/30/2018,SouthAfrica
won,120 runs,won,1st,Zimbabwe,Bloemfontein,10/03/2018,SouthAfrica
won,4 wickets,lost,2nd,Zimbabwe,Paarl,10/06/2018,SouthAfrica
lost,31 runs,won,2nd,England,Dambulla,10/13/2018,SriLanka
won,31 runs,lost,1st,Sri Lanka,Dambulla,10/13/2018,England
lost,7 wickets,lost,1st,England,Pallekele,10/17/2018,SriLanka
won,7 wickets,won,2nd,Sri Lanka,Pallekele,10/17/2018,England
lost,18 runs,lost,1st,England,Pallekele,10/20/2018,SriLanka
won,18 runs,won,2nd,Sri Lanka,Pallekele,10/20/2018,England
lost,8 wickets,lost,1st,India,Guwahati,10/21/2018,WestIndies
won,8 wickets,won,2nd,West Indies,Guwahati,10/21/2018,India
won,28 runs,won,1st,Zimbabwe,Dhaka,10/21/2018,Bangladesh
won,219 runs,won,1st,England,Colombo (RPS),10/23/2018,SriLanka
lost,219 runs,lost,2nd,Sri Lanka,Colombo (RPS),10/23/2018,England
tied,-,lost,2nd,India,Visakhapatnam,10/24/2018,WestIndies
tied,-,won,1st,West Indies,Visakhapatnam,10/24/2018,India
won,7 wickets,won,2nd,Zimbabwe,Chattogram,10/24/2018,Bangladesh
won,7 wickets,won,2nd,Zimbabwe,Chattogram,10/26/2018,Bangladesh
won,43 runs,lost,1st,India,Pune,10/27/2018,WestIndies
lost,43 runs,won,2nd,West Indies,Pune,10/27/2018,India
lost,224 runs,lost,2nd,India,Mumbai (BS),10/29/2018,WestIndies
won,224 runs,won,1st,West Indies,Mumbai (BS),10/29/2018,India
lost,9 wickets,won,1st,India,Thiruvananthapuram,11/01/2018,WestIndies
won,9 wickets,lost,2nd,West Indies,Thiruvananthapuram,11/01/2018,India
won,6 wickets,won,2nd,Australia,Perth,11/04/2018,SouthAfrica
lost,6 wickets,lost,1st,South Africa,Perth,11/04/2018,Australia
lost,47 runs,lost,2nd,New Zealand,Abu Dhabi,11/07/2018,Pakistan
won,47 runs,won,1st,Pakistan,Abu Dhabi,11/07/2018,Newzealad
lost,7 runs,won,2nd,Australia,Adelaide,11/09/2018,SouthAfrica
won,7 runs,lost,1st,South Africa,Adelaide,11/09/2018,Australia
won,6 wickets,lost,2nd,New Zealand,Abu Dhabi,11/09/2018,Pakistan
lost,6 wickets,won,1st,Pakistan,Abu Dhabi,11/09/2018,Newzealad
won,40 runs,lost,1st,Australia,Hobart,11/11/2018,SouthAfrica
lost,40 runs,won,2nd,South Africa,Hobart,11/11/2018,Australia
lost,5 wickets,won,1st,Bangladesh,Dhaka,12/09/2018,WestIndies
won,5 wickets,lost,2nd,West Indies,Dhaka,12/09/2018,Bangladesh
won,4 wickets,won,2nd,Bangladesh,Dhaka,12/11/2018,WestIndies
lost,4 wickets,lost,1st,West Indies,Dhaka,12/11/2018,Bangladesh
lost,8 wickets,lost,1st,Bangladesh,Sylhet,12/14/2018,WestIndies
won,8 wickets,won,2nd,West Indies,Sylhet,12/14/2018,Bangladesh
lost,45 runs,lost,2nd,New Zealand,Mount Maunganui,01/03/2019,SriLanka
won,45 runs,won,1st,Sri Lanka,Mount Maunganui,01/03/2019,Newzealad
lost,21 runs,lost,2nd,New Zealand,Mount Maunganui,01/05/2019,SriLanka
won,21 runs,won,1st,Sri Lanka,Mount Maunganui,01/05/2019,Newzealad
lost,115 runs,won,2nd,New Zealand,Nelson,01/08/2019,SriLanka
won,115 runs,lost,1st,Sri Lanka,Nelson,01/08/2019,Newzealad
lost,34 runs,lost,2nd,Australia,Sydney,01/12/2019,India
won,34 runs,won,1st,India,Sydney,01/12/2019,Australia
won,6 wickets,lost,2nd,Australia,Adelaide,01/15/2019,India
lost,6 wickets,won,1st,India,Adelaide,01/15/2019,Australia
won,7 wickets,won,2nd,Australia,Melbourne,01/18/2019,India
lost,7 wickets,lost,1st,India,Melbourne,01/18/2019,Australia
lost,5 wickets,won,1st,Pakistan,Port Elizabeth,01/19/2019,SouthAfrica
won,5 wickets,lost,2nd,South Africa,Port Elizabeth,01/19/2019,Pakistan
won,5 wickets,won,2nd,Pakistan,Durban,01/22/2019,SouthAfrica
lost,5 wickets,lost,1st,South Africa,Durban,01/22/2019,Pakistan
lost,8 wickets,won,1st,India,Napier,01/23/2019,Newzealad
won,8 wickets,lost,2nd,New Zealand,Napier,01/23/2019,India
won,13 runs,lost,2nd,Pakistan,Centurion,01/25/2019,SouthAfrica
lost,13 runs,won,1st,South Africa,Centurion,01/25/2019,Pakistan
lost,90 runs,lost,2nd,India,Mount Maunganui,01/26/2019,Newzealad
won,90 runs,won,1st,New Zealand,Mount Maunganui,01/26/2019,India
lost,8 wickets,lost,1st,Pakistan,Johannesburg,01/27/2019,SouthAfrica
won,8 wickets,won,2nd,South Africa,Johannesburg,01/27/2019,Pakistan
lost,7 wickets,won,1st,India,Mount Maunganui,01/28/2019,Newzealad
won,7 wickets,lost,2nd,New Zealand,Mount Maunganui,01/28/2019,India
won,7 wickets,won,2nd,Pakistan,Cape Town,01/30/2019,SouthAfrica
lost,7 wickets,lost,1st,South Africa,Cape Town,01/30/2019,Pakistan
won,8 wickets,won,2nd,India,Hamilton,01/31/2019,Newzealad
lost,8 wickets,lost,1st,New Zealand,Hamilton,01/31/2019,India
lost,35 runs,lost,2nd,India,Wellington,02/03/2019,Newzealad
won,35 runs,won,1st,New Zealand,Wellington,02/03/2019,India
won,8 wickets,lost,2nd,Bangladesh,Napier,02/13/2019,Newzealad
lost,8 wickets,won,1st,New Zealand,Napier,02/13/2019,Bangladesh
won,8 wickets,won,2nd,Bangladesh,Christchurch,02/16/2019,Newzealad
lost,8 wickets,lost,1st,New Zealand,Christchurch,02/16/2019,Bangladesh
won,88 runs,lost,1st,Bangladesh,Dunedin,02/20/2019,Newzealad
lost,88 runs,won,2nd,New Zealand,Dunedin,02/20/2019,Bangladesh
lost,6 wickets,won,1st,England,Bridgetown,02/20/2019,WestIndies
won,6 wickets,lost,2nd,West Indies,Bridgetown,02/20/2019,England
won,26 runs,lost,1st,England,Bridgetown,02/22/2019,WestIndies
lost,26 runs,won,2nd,West Indies,Bridgetown,02/22/2019,England
lost,29 runs,won,2nd,England,St George's,02/27/2019,WestIndies
won,29 runs,lost,1st,West Indies,St George's,02/27/2019,England
won,5 wickets,lost,2nd,Ireland,Dehradun,02/28/2019,Afghanistan
won,6 wickets,lost,2nd,Australia,Hyderabad (Deccan),03/02/2019,India
lost,6 wickets,won,1st,India,Hyderabad (Deccan),03/02/2019,Australia
won,7 wickets,won,2nd,England,Gros Islet,03/02/2019,WestIndies
lost,7 wickets,lost,1st,West Indies,Gros Islet,03/02/2019,England
lost,8 wickets,lost,1st,South Africa,Johannesburg,03/03/2019,SriLanka
won,8 wickets,won,2nd,Sri Lanka,Johannesburg,03/03/2019,SouthAfrica
lost,4 wickets,won,1st,Ireland,Dehradun,03/05/2019,Afghanistan
won,8 runs,lost,1st,Australia,Nagpur,03/05/2019,India
lost,8 runs,won,2nd,India,Nagpur,03/05/2019,Australia
lost,113 runs,won,2nd,South Africa,Centurion,03/06/2019,SriLanka
won,113 runs,lost,1st,Sri Lanka,Centurion,03/06/2019,SouthAfrica
won,109 runs,lost,1st,Ireland,Dehradun,03/08/2019,Afghanistan
lost,32 runs,won,2nd,Australia,Ranchi,03/08/2019,India
won,32 runs,lost,1st,India,Ranchi,03/08/2019,Australia
lost,5 wickets,lost,1st,Ireland,Dehradun,03/10/2019,Afghanistan
lost,4 wickets,won,1st,Australia,Mohali,03/10/2019,India
won,4 wickets,lost,2nd,India,Mohali,03/10/2019,Australia
lost,71 runs,won,2nd,South Africa,Durban,03/10/2019,SriLanka
won,71 runs,lost,1st,Sri Lanka,Durban,03/10/2019,SouthAfrica
lost,35 runs,lost,2nd,Australia,Delhi,03/13/2019,India
won,35 runs,won,1st,India,Delhi,03/13/2019,Australia
lost,6 wickets,lost,1st,South Africa,Port Elizabeth,03/13/2019,SriLanka
won,6 wickets,won,2nd,Sri Lanka,Port Elizabeth,03/13/2019,SouthAfrica
lost,41 runs,won,1st,South Africa,Cape Town,03/16/2019,SriLanka
won,41 runs,lost,2nd,Sri Lanka,Cape Town,03/16/2019,SouthAfrica
lost,8 wickets,won,1st,Australia,Sharjah,03/22/2019,Pakistan
won,8 wickets,lost,2nd,Pakistan,Sharjah,03/22/2019,Australia
lost,8 wickets,won,1st,Australia,Sharjah,03/24/2019,Pakistan
won,8 wickets,lost,2nd,Pakistan,Sharjah,03/24/2019,Australia
lost,80 runs,lost,2nd,Australia,Abu Dhabi,03/27/2019,Pakistan
won,80 runs,won,1st,Pakistan,Abu Dhabi,03/27/2019,Australia
lost,6 runs,won,2nd,Australia,Dubai (DSC),03/29/2019,Pakistan
won,6 runs,lost,1st,Pakistan,Dubai (DSC),03/29/2019,Australia
lost,20 runs,won,2nd,Australia,Dubai (DSC),03/31/2019,Pakistan
won,20 runs,lost,1st,Pakistan,Dubai (DSC),03/31/2019,Australia
won,4 wickets,won,2nd,Ireland,Dublin (Malahide),05/03/2019,England
won,196 runs,lost,1st,Ireland,Dublin,05/05/2019,WestIndies
lost,8 wickets,won,1st,Bangladesh,Dublin,05/07/2019,WestIndies
won,8 wickets,lost,2nd,West Indies,Dublin,05/07/2019,Bangladesh
won,2 runs,lost,2nd,Scotland,Edinburgh,05/10/2019,Afghanistan
won,5 wickets,lost,2nd,Ireland,Dublin (Malahide),05/11/2019,WestIndies
lost,12 runs,won,2nd,England,Southampton,05/11/2019,Pakistan
won,12 runs,lost,1st,Pakistan,Southampton,05/11/2019,England
lost,5 wickets,won,1st,Bangladesh,Dublin (Malahide),05/13/2019,WestIndies
won,5 wickets,lost,2nd,West Indies,Dublin (Malahide),05/13/2019,Bangladesh
lost,6 wickets,lost,1st,England,Bristol,05/14/2019,Pakistan
won,6 wickets,won,2nd,Pakistan,Bristol,05/14/2019,England
won,6 wickets,lost,2nd,Ireland,Dublin,05/15/2019,Bangladesh
lost,5 wickets,lost,1st,Bangladesh,Dublin (Malahide),05/17/2019,WestIndies
won,5 wickets,won,2nd,West Indies,Dublin (Malahide),05/17/2019,Bangladesh
lost,3 wickets,lost,1st,England,Nottingham,05/17/2019,Pakistan
won,3 wickets,won,2nd,Pakistan,Nottingham,05/17/2019,England
